City_ID,City,Country,Max Temp,Weather Dsc,Lat,Lng,Hotel Name
0,Maragogi,BR,76.95,broken clouds,-9.0122,-35.2225,Salinas do Maragogi All Inclusive Resort
1,Port Alfred,ZA,63.18,overcast clouds,-33.5906,26.891,The Halyards Hotel & Spa
4,Saint-Philippe,RE,69.39,scattered clouds,-21.3585,55.7679,Le four √† pain
5,Kruisfontein,ZA,61.88,overcast clouds,-34.0033,24.7314,Oyster Bay House Rental
6,Rafai,CF,69.19,clear sky,4.95,23.9167,
7,Thinadhoo,MV,81.09,broken clouds,0.5333,72.9333,
8,Jizan,SA,79.74,clear sky,17.3333,42.6667,ÿ¥ŸáÿØÿßŸÜ. ÿßÿ®ŸàÿßŸÑÿ≠ÿ¨ÿ±
9,Ghanzi,BW,79.66,clear sky,-21.5667,21.7833,Ghanzi Farmhouse
11,Nova Olimpia,BR,84.87,clear sky,-14.7972,-57.2881,Motel glamour
12,Hithadhoo,MV,81.09,broken clouds,-0.6,73.0833,Scoop Guest House
19,Carnarvon,AU,64.89,overcast clouds,-24.8667,113.6333,Hospitality Carnarvon
24,Cidreira,BR,68.02,overcast clouds,-30.1811,-50.2056,Hotel Castelo
25,Puri,IN,66.72,overcast clouds,19.8,85.85,OYO 1577 Hotel Shree Hari Grand
26,Albal,ES,72.79,few clouds,39.4,-0.4167,Hotel Benet√∫sser
27,Stilfontein,ZA,75.36,scattered clouds,-26.8449,26.7683,Revival Guest House
30,Santa Vitoria Do Palmar,BR,69.4,broken clouds,-33.5189,-53.3681,Hostel Comodoro
31,Port Elizabeth,ZA,64.09,overcast clouds,-33.918,25.5701,39 On Nile Guest House
34,Touros,BR,78.73,scattered clouds,-5.1989,-35.4608,INN NEW HORIZON
37,Upata,VE,74.19,moderate rain,8.0086,-62.3989,Posada Villa Nela
46,Souillac,MU,62.98,few clouds,-20.5167,57.5167,Shanti Maurice Resort & Spa
47,Salalah,OM,77.09,few clouds,17.0151,54.0924,"HAMDAN PLAZA HOTEL SALALAH, an HTG Hotel"
48,Bousso,TD,77.23,few clouds,10.4795,16.7117,
49,Menongue,AO,67.21,scattered clouds,-14.6585,17.691,Ritz Lauca
53,Ponta Do Sol,PT,68.72,broken clouds,32.6667,-17.1,Hotel do Campo
54,Mahebourg,MU,68.25,few clouds,-20.4081,57.7,Shandrani Beachcomber Resort & Spa
55,Kavaratti,IN,81.68,clear sky,10.5669,72.642,Green leaf
60,East London,ZA,66.56,light rain,-33.0153,27.9116,Tu Casa
62,Kutum,SD,63.27,clear sky,14.2,24.6667,Dibbo areaŸÖŸÜÿ∑ŸÇÿ© ÿØÿ®Ÿà
63,Adrar,MR,72.21,clear sky,20.5022,-10.0711,
66,Gat,IL,62.4,clear sky,31.61,34.7642,OlusHome
67,Coquimbo,CL,60.53,broken clouds,-29.9533,-71.3436,Hotel San Juan
68,Georgetown,MY,82.24,scattered clouds,5.4112,100.3354,Cititel Penang
69,Urucara,BR,89.17,overcast clouds,-2.5364,-57.76,Pousada Maria Bonita
70,Cape Town,ZA,60.91,overcast clouds,-33.9258,18.4232,"Radisson Blu Hotel Waterfront, Cape Town"
71,Mar Del Plata,AR,62.83,clear sky,-38.0023,-57.5575,Gran Hotel Mar del Plata
74,Yenagoa,NG,76.19,broken clouds,4.9247,6.2642,Aridolf Resort Wellness and Spa
75,Mokobeng,BW,82.56,scattered clouds,-22.9965,27.6678,Omphile B. Molefhe
78,Sambava,MG,72.57,light rain,-14.2667,50.1667,Melrose
80,Lagoa,PT,60.64,clear sky,39.05,-27.9833,Casa Das Faias
83,Rosetta,EG,66.92,clear sky,31.4044,30.4164,Green Valley
84,Aripuana,BR,78.49,overcast clouds,-9.1667,-60.6333,
86,San Cristobal,VE,75.38,broken clouds,7.7669,-72.225,Pirineos
87,Maceio,BR,76.44,clear sky,-9.6658,-35.7353,Hotel Ponta Verde Macei√≥
88,Marmaris,TR,66.11,overcast clouds,36.855,28.2742,BLUE BAY PLATINUM HOTEL
89,Bosaso,SO,75.85,clear sky,11.2842,49.1816,Red Sea Hotel
91,Ladario,BR,84.67,few clouds,-19.0047,-57.6017,Hotel Fazenda 4 cantos
92,Cururupu,BR,75.25,broken clouds,-1.8283,-44.8683,POUSADA TRAV√âS'CIA
93,Lagos,NG,80.92,broken clouds,6.5833,3.75,
95,Lodja,CD,68.22,light rain,-3.4833,23.4333,
96,Constitucion,CL,62.62,scattered clouds,-35.3333,-72.4167,Hotel Boutique Las Azucenas
98,Pisco,PE,68.05,clear sky,-13.7,-76.2167,Hotel San Isidro Oficial
100,Tarauaca,BR,75.33,overcast clouds,-8.1614,-70.7656,Flat Temporada
101,Isiro,CD,66.24,overcast clouds,2.7739,27.616,Guest House Hewa Bora
103,Vila Velha,BR,73.94,broken clouds,-20.3297,-40.2925,Hotel Vit√≥ria Palace
104,Khudumelapye,BW,76.62,broken clouds,-23.8833,24.75,
105,Oistins,BB,80.69,scattered clouds,13.0667,-59.5333,Butterfly Beach Hotel
106,Vicar,ES,62.2,clear sky,36.8316,-2.6427,Hotel Env√≠a Almer√≠a Spa & Golf
108,Chuy,UY,68.4,overcast clouds,-33.6971,-53.4616,Nuevo Hotel Plaza
109,Cap Malheureux,MU,68.47,few clouds,-19.9842,57.6142,Pereybere Hotel & Spa
111,Lebu,CL,60.8,overcast clouds,-37.6167,-73.65,Hostal Las Lilas
114,Aden,YE,79.47,broken clouds,12.7794,45.0367,Sama Emirate Hotel
116,Waddan,LY,65.98,clear sky,29.1614,16.139,ŸÖÿ≠ŸÑ ÿßŸÑÿ¥ÿ±ŸäŸÅ ŸÖÿ≠ŸÖÿØ ÿßŸÑÿπÿßŸäÿ®
118,Riyadh,SA,71.74,scattered clouds,24.6877,46.7219,"InterContinental Riyadh, an IHG Hotel"
119,Nicoya,CR,81.52,scattered clouds,10.1483,-85.452,Las Cabinas Del Sue√±o
125,Najran,SA,63.25,clear sky,17.4924,44.1277,ŸÖÿ≠ŸÖÿØ ŸáÿßÿØŸä ÿßŸÑ ŸÅÿ∑Ÿäÿ≠
126,Gerash,IR,64.58,overcast clouds,27.6652,54.1371,Sa'adat House Gerash
131,Bandarbeyla,SO,77.68,clear sky,9.4942,50.8122,JABIR HOTEL
132,Marica,BR,75.11,clear sky,-22.9194,-42.8186,Marica Hills
133,Umm Kaddadah,SD,69.06,clear sky,13.6017,26.6876,
135,Argelia,CO,68.74,moderate rain,2.2556,-77.2488,Hotel San Fernando Argelia
136,Suez,EG,64.15,clear sky,29.9737,32.5263,Green House
137,Kudahuvadhoo,MV,81.43,light rain,2.6708,72.8944,Niyama Private Islands Maldives
138,San Bernardo,CL,83.44,clear sky,-33.6,-70.7167,CASA
140,Taltal,CL,66.18,broken clouds,-25.4,-70.4833,Residencial Karime
141,Paracuru,BR,80.11,clear sky,-3.41,-39.0306,Hotel Vento Brasil
142,Soure,BR,80.49,scattered clouds,-0.7167,-48.5233,Casar√£o da Amaz√¥nia
143,Farafangana,MG,73.51,light rain,-22.8167,47.8333,Miarina
144,Dingle,PH,75.92,light rain,10.9995,122.6711,SEGAYA PROPERTY
145,Loandjili,CG,75.85,overcast clouds,-4.7561,11.8578,R√©sidence ARCHANGE
146,Arraial Do Cabo,BR,73.36,scattered clouds,-22.9661,-42.0278,Pousada Porto Praia
149,Vila Franca Do Campo,PT,60.19,clear sky,37.7167,-25.4333,Pestana Bahia Praia
150,Bathsheba,BB,81.21,scattered clouds,13.2167,-59.5167,Atlantis Hotel
151,Marawi,PH,68.63,light rain,7.9986,124.2928,Derogongan Residence
152,Manjacaze,MZ,72.45,few clouds,-24.7117,33.8828,Hotel Gani
155,Bambous Virieux,MU,68.22,few clouds,-20.3428,57.7575,Casa Tia Villa
157,Jalu,LY,66.4,clear sky,29.0331,21.5482,ÿµÿßÿ≠ÿ®ÿ© ÿßŸÑŸÅÿÆÿßŸÖÿ©
160,Sur,OM,74.64,clear sky,22.5667,59.5289,Sur Plaza Hotel
161,Victoria,HK,75.38,clear sky,22.2855,114.1577,Mini Central
162,Bajil,YE,77.94,clear sky,15.0584,43.2851,ŸÅŸÜÿØŸÇ ÿ≠ÿ∂ÿ±ŸÖŸàÿ™
163,Rusape,ZW,62.44,clear sky,-18.5278,32.1284,Surrey Lodge
164,Bataipora,BR,75.52,clear sky,-22.2953,-53.2711,Hotel Vale do Ivinhema
165,Ambilobe,MG,72.27,few clouds,-13.2,49.05,H√¥tel & Restaurant DIANA Ambilobe
167,Manaus,BR,86.49,scattered clouds,-3.1019,-60.025,Manaus Hot√©is Millennium
169,Buchanan,LR,78.46,broken clouds,5.8808,-10.0467,Kamaneahn Hotel Inc
170,Bouca,CF,71.89,overcast clouds,6.5105,18.2733,
174,Asfi,MA,66.76,scattered clouds,32.2994,-9.2372,H√¥tel Abda
176,Huarmey,PE,68.14,overcast clouds,-10.0681,-78.1522,Hotel Miramar
177,Kavali,IN,70.12,overcast clouds,14.9167,79.9833,Hotel Mourya Paradise
179,Corrente,BR,81.16,broken clouds,-3.7367,-43.3394,Chapadinhense Hotel
180,Oum Hadjer,TD,76.26,clear sky,13.2954,19.6966,
181,San Felipe,VE,73.69,overcast clouds,10.3399,-68.7425,Posada Llovizna Rodr√≠guez
183,Charlestown,AU,66.11,clear sky,-32.95,151.6667,Panorama Motor Inn Hotel
184,Sao Borja,BR,75.94,clear sky,-28.6606,-56.0044,Hotel Executivo
187,Harindanga,IN,66.34,clear sky,22.0383,88.3214,Hasanur Builders
190,Castro,BR,61.65,clear sky,-24.7911,-50.0119,CHACARA BAILLY
192,Camacha,PT,65.62,scattered clouds,33.0833,-16.3333,Hotel Porto Santo & Spa
194,Abonnema,NG,77.36,overcast clouds,4.7084,6.7931,Corper's Lodge Obonoma
195,Rio Gallegos,AR,69.85,clear sky,-51.6226,-69.2181,Hotel Santa Cruz
196,Beboto,TD,74.03,overcast clouds,8.2668,16.939,
198,Port-Gentil,GA,76.96,scattered clouds,-0.7193,8.7815,Fengshui Residence
200,Nauta,PE,81.12,broken clouds,-4.5061,-73.5757,Amazon Exploring Expedition - Eretzen T√° Lodge
203,Rio Grande,BR,75.31,scattered clouds,-32.035,-52.0986,Hotel Atl√¢ntico Rio Grande
206,Kalmunai,LK,71.37,overcast clouds,7.4167,81.8167,VS Villa
209,Mercedes,AR,84.78,scattered clouds,-34.6515,-59.4307,Posada del Inti Centro
210,Kenitra,MA,65.16,overcast clouds,34.261,-6.5802,Bienvenue chez vous
213,San Jose,US,69.1,broken clouds,37.3394,-121.895,The Westin San Jose
217,Ouadda,CF,69.37,broken clouds,8.0777,22.4007,
218,San Luis,AR,89.22,clear sky,-33.295,-66.3356,Huarpes Hotel
219,Sinnamary,GF,79.68,few clouds,5.3833,-52.95,ALETHEIA Appartement Sinnamary
220,The Valley,AI,81.1,few clouds,18.217,-63.0578,CeBlue Villas & Beach Resort
222,Atar,MR,76.82,clear sky,20.5169,-13.0499,Oumou Elghoura
224,La Maddalena,IT,66.36,broken clouds,41.2142,9.4083,Hotel Il Gabbiano
226,Bueno Brandao,BR,61.34,broken clouds,-22.4408,-46.3508,Hotel Central
227,Saint-Georges,GD,80.28,broken clouds,12.0564,-61.7485,Radisson Grenada Beach Resort
228,Sao Joao Da Barra,BR,73.49,scattered clouds,-21.6403,-41.0511,Pousada Porto De Canoas
229,Simi,SL,74.57,overcast clouds,9.5667,-12.35,
230,Arrecife,ES,67.98,few clouds,28.963,-13.5477,Hotel Lancelot
231,Tala,EG,60.03,clear sky,30.6803,30.9429,Batol is sleeping
232,Goias,BR,81.81,few clouds,-15.5807,-49.6362,
233,Caravelas,BR,72.57,overcast clouds,-17.7125,-39.2481,Pousada dos Navegantes
234,Pedasi,PA,74.07,moderate rain,7.5333,-80.0333,Hotel Casa de Campo Pedas√≠
237,Balad,IQ,63.18,clear sky,34.0164,44.1453,ÿ±ÿ∂ÿßŸàŸä ÿ≤ŸÜŸàÿ®ÿ©
238,Acarau,BR,79.61,few clouds,-2.8856,-40.12,castelo pizzaria
241,Bangassou,CF,69.48,few clouds,4.7413,22.8184,
248,Bani,DO,79.86,few clouds,18.2833,-70.3333,Hospedaje Henriquez
252,Namibe,AO,69.42,scattered clouds,-15.1961,12.1522,Hotel Chik Chik Namibe
253,Carutapera,BR,77.61,overcast clouds,-1.195,-46.02,Lidera
254,Banda Aceh,ID,78.4,overcast clouds,5.5577,95.3222,OYO 884 Rumoh PMI Hotel
255,Shepsi,RU,61.61,overcast clouds,44.0361,39.1489,Otel' Chayka
257,Abu Kamal,SY,60.94,clear sky,34.4506,40.9171,ŸÖÿ≠ÿ∑ÿ© ÿßŸÑÿ™ŸÑŸÅÿßÿ≤
258,Mabaruma,GY,74.52,broken clouds,8.2,-59.7833,Monty Brooms Guest House
259,Entebbe,UG,68.32,few clouds,0.0644,32.4469,WB APARTMENT
260,Ambanja,MG,72.82,scattered clouds,-13.6833,48.45,Hotel Salama and Fast Food
263,Quatre Cocos,MU,68.09,scattered clouds,-20.2078,57.7625,Sunrise Attitude Hotel
265,Lubao,PH,78.51,overcast clouds,14.9167,120.55,Hacienda Gracia
267,San Carlos De Bariloche,AR,67.75,broken clouds,-41.1456,-71.3082,Hotel Patagonia
268,Bonthe,SL,79.25,overcast clouds,7.5264,-12.505,Bonthe Holiday Village
269,Grand Gaube,MU,68.38,scattered clouds,-20.0064,57.6608,Veranda Paul et Virginie Hotel & Spa
270,Illapel,CL,74.88,clear sky,-31.6308,-71.1653,Hotel Londres
272,San Ramon,US,65.37,clear sky,37.7799,-121.978,San Ramon Marriott
273,Camapua,BR,79.29,clear sky,-19.5314,-54.0439,Comercial Estrela
274,Wamba,NG,74.41,few clouds,8.9333,8.6,Roma Zee Guest House Annex
275,Riohacha,CO,84.31,broken clouds,11.5444,-72.9072,Hotel Taroa
277,Quepos,CR,80.6,scattered clouds,9.4236,-84.1652,Jungle Beach Hotel at Manuel Antonio
279,Saint-Pierre,RE,69.48,clear sky,-21.3393,55.4781,Alize Plage
281,Anloga,GH,80.71,light rain,5.7947,0.8973,Pin Drop Hotel
282,Boueni,YT,78.78,few clouds,-12.9025,45.0761,The feet in water
287,Hun,LY,67.17,clear sky,29.1268,15.9477,Alrwasi Hotel
288,Ghatampur,IN,61.86,clear sky,26.1667,80.1667,OYO 46903 Hotel Sai Palace
289,Sabha,LY,64.6,scattered clouds,27.0377,14.4283,ŸÖÿ≠ÿ∑ÿ© ÿßŸÖ ÿßŸÑÿßÿ±ÿßŸÜÿ® -ÿ≥ÿ®Ÿáÿß ŸÖŸàÿßÿµŸÑÿßÿ™
290,Sao Filipe,CV,78.66,overcast clouds,14.8961,-24.4956,Hotel Xaguate
291,Resistencia,AR,87.85,clear sky,-27.4606,-58.9839,Niyat Urban Hotel
293,Kapoeta,SS,79.5,few clouds,4.7717,33.5903,Lokoges PHCC
295,Saint-Joseph,RE,68.38,few clouds,-21.3667,55.6167,"""Plantation Bed and Breakfast"
297,Puerto Del Rosario,ES,69.55,few clouds,28.5004,-13.8627,Hotel JM Puerto del Rosario
298,Port Blair,IN,78.73,overcast clouds,11.6667,92.75,"Welcomhotel By ITC Hotels, Port Blair - Premium Hotel Near the Airport | Idyllic Island Experience Vacation"
299,Itubera,BR,73.69,overcast clouds,-13.7322,-39.1492,Pousada Baixo Sul.
303,Itarema,BR,79.5,few clouds,-2.9248,-39.9167,"Sea Lounge! Bar, Club & Restaurant"
305,Jutai,BR,75.45,overcast clouds,-5.1833,-68.9,
307,Mogadishu,SO,79.05,clear sky,2.0371,45.3438,Hotel Juba
309,Bajna,IN,61.88,clear sky,27.9,77.6833,Atul Guest House
311,Prestea,GH,74.26,broken clouds,5.4327,-2.1428,Channel 5
312,Santa Isabel Do Rio Negro,BR,73.18,moderate rain,-0.4139,-65.0192,Hotel GSA
318,Cayenne,GF,80.64,clear sky,4.9333,-52.3333,H√¥tel Le Dronmi
321,Ponta Delgada,PT,60.49,few clouds,37.7333,-25.6667,Vila Nova Hotel
322,Hambantota,LK,77.41,overcast clouds,6.1241,81.1185,Bungalow 63
326,Mahibadhoo,MV,80.33,light rain,3.7833,72.9667,Omadhoo Inn
329,Pauini,BR,75.69,light rain,-7.7136,-66.9764,Casa do Kiwliks
330,Sokolo,ML,80.55,overcast clouds,14.7328,-6.1219,
333,Natal,BR,79.45,few clouds,-5.795,-35.2094,Villa Park Hotel | Natal
334,Barra Dos Coqueiros,BR,78.82,few clouds,-10.9089,-37.0386,Quality Hotel Aracaju
336,Wukari,NG,77.49,scattered clouds,7.85,9.7833,Elimtop
337,Corn Island,NI,82.87,broken clouds,12.1694,-83.0418,Big Fish Guest House
338,Narsipatnam,IN,66.16,overcast clouds,17.6667,82.6167,Lodge Vooda Residency AC
342,Rawson,AR,71.96,overcast clouds,-43.3002,-65.1023,Hosteria Sampedro
343,Badnawar,IN,60.69,clear sky,23.0167,75.2167,Hotel Mrityunjay
348,Sao Luis Do Quitunde,BR,76.44,scattered clouds,-9.3183,-35.5611,Sao dos satos lins
349,Doume,CM,68.56,broken clouds,4.2333,13.45,Hotel Universel
350,La Gloria,CO,80.11,overcast clouds,8.6187,-73.8027,HOTEL MA-ME√ëA
351,Dzaoudzi,YT,78.69,scattered clouds,-12.7887,45.2699,Le Rocher
352,Shadegan,IR,64.35,overcast clouds,30.6497,48.6647,ŸÖÿ≥ÿßŸÅÿ± ÿÆÿßŸÜŸá ÿßÿ®Ÿà ŸàŸÑ€åÿØ
356,Issenye,TZ,64.76,light rain,-2.0,34.3333,
357,Hobyo,SO,80.29,scattered clouds,5.3505,48.5268,Halane Hotel and Restaurent
358,Buraydah,SA,70.25,overcast clouds,26.326,43.975,M√∂venpick Qassim
359,Takoradi,GH,78.42,broken clouds,4.8845,-1.7554,Raybow International Hotel
361,Suluq,LY,66.33,clear sky,31.6682,20.2521,Ÿàÿ±ÿ¥ÿ© ÿßŸÑÿ≠ÿ∂Ÿäÿ±Ÿä ŸÑÿßŸÉÿ™ÿ±ŸàŸÜÿßÿ™ ŸàÿÆÿØŸÖÿßÿ™ ÿßŸÑŸÜÿ™
362,Laguna,US,69.17,clear sky,38.421,-121.4238,"Holiday Inn Express & Suites Elk Grove Central - Hwy 99, an IHG Hotel"
363,Rajshahi,BD,65.77,clear sky,24.3667,88.6,Anjum Hotel International
364,Marsh Harbour,BS,76.15,broken clouds,26.5412,-77.0636,Abaco Beach Resort
368,Mao,ES,68.56,clear sky,39.8885,4.2658,ARTIEM Capri
369,Porto Novo,BJ,82.22,broken clouds,6.4965,2.6036,Tour Eiffel Hotel Benin
370,Lima,PE,64.65,scattered clouds,-12.0432,-77.0282,Hotel Kamana
371,Maine-Soroa,NE,72.79,scattered clouds,13.2114,12.0241,Complexe
374,Soyo,AO,76.82,broken clouds,-6.1349,12.3689,Hospedaria ndozi'ame
375,Mahanoro,MG,72.61,overcast clouds,-19.9,48.8,BUNGALOW MAHAMANINA
377,Santa Rosa,PH,81.01,overcast clouds,14.3122,121.1114,Erlyn‚Äôs Sta Rosa City Home
380,Olinda,BR,80.33,scattered clouds,-8.0089,-34.8553,Flat Quatro Rodas Olinda
381,Mandera,KE,84.67,broken clouds,3.9366,41.867,Red Sea Resort & Suites Mandera County
382,Cabedelo,BR,79.47,few clouds,-6.9811,-34.8339,Pousada Camboinha
383,Nouadhibou,MR,78.78,clear sky,20.931,-17.0347,El Medina
384,Padang,ID,73.45,overcast clouds,-0.9492,100.3543,Mercure Padang
385,Pozo Colorado,PY,82.87,scattered clouds,-23.4923,-58.7972,Hospedaje La Norte√±a
387,Fougamou,GA,72.91,overcast clouds,-1.2154,10.5838,R√©sidence d'H√¥tes Bapedy
388,Hualmay,PE,68.22,broken clouds,-11.0964,-77.6139,Hotel Villa Kitzia Huacho
389,Bubaque,GW,83.21,overcast clouds,11.2833,-15.8333,"Casa Dora, Bubaque"
390,Cusuna,HN,79.66,broken clouds,15.85,-85.2333,San Francisco de la paz
393,Middelburg,ZA,71.47,broken clouds,-25.7751,29.4648,Oregon Place Guest House
394,Goundam,ML,76.64,broken clouds,16.4145,-3.6708,
398,Ouallam,NE,75.92,broken clouds,14.3188,2.0866,
399,Marzuq,YE,63.12,few clouds,14.4,46.4667,ÿ≠ŸäÿØ ÿßŸÑŸÇŸÅŸÑÿ©
400,Makokou,GA,68.68,overcast clouds,0.5738,12.8642,H√¥tel Arizona
402,Bilma,NE,68.4,scattered clouds,18.6853,12.9164,Expeditions T√©n√©re voyages
403,Road Town,VG,82.49,scattered clouds,18.4167,-64.6167,"ZINGARA 76ft Catamaran, full crew-all included"
404,Mecca,SA,76.42,clear sky,21.4267,39.8261,"Makkah Clock Royal Tower, A Fairmont Hotel"
409,Santa Maria,BR,79.9,clear sky,-29.6842,-53.8069,Hotel Morotin
410,Obo,CF,70.84,few clouds,5.3998,26.4869,
412,Gamba,GA,74.1,overcast clouds,-2.65,10.0,
413,Conceicao Do Araguaia,BR,74.66,overcast clouds,-8.2578,-49.2647,Tarum√£ Tropical Hotel
414,Pocosol,CR,80.28,broken clouds,10.3667,-84.6167,Heliconias Nature Inn
415,Jaicos,BR,88.77,scattered clouds,-7.3592,-41.1378,Hotel Jaic√≥s
417,Lukulu,ZM,69.51,scattered clouds,-14.3707,23.242,Ruth Guest House
418,Remanso,BR,81.46,broken clouds,-9.6179,-42.0831,Hotel Mangueira
419,Cockburn Town,TC,81.68,clear sky,21.4612,-71.1419,Osprey Beach Hotel
421,Xai-Xai,MZ,73.02,few clouds,-25.0519,33.6442,Complexo da Familia
422,El Alto,PE,65.86,broken clouds,-4.2714,-81.2147,Black Marlin Restaurant & Hospedaje
427,Marsa Matruh,EG,66.4,clear sky,31.3525,27.2453,Beau Site
429,Amargosa,BR,70.66,overcast clouds,-13.0303,-39.6047,Hotel Amargosa
431,Owerri,NG,74.82,overcast clouds,5.4833,7.0304,Dream Land Hotel
436,Los Llanos De Aridane,ES,65.95,few clouds,28.6585,-17.9182,Valle Aridane
439,Meulaboh,ID,74.48,overcast clouds,4.1363,96.1285,Kost Pria
441,Calama,CL,77.49,clear sky,-22.4667,-68.9333,Park Hotel Calama
443,Misasi,TZ,67.01,light rain,-3.0,33.0833,
445,Vangaindrano,MG,72.52,light rain,-23.35,47.6,Hotel Fanilo
446,Pitimbu,BR,79.39,few clouds,-7.4706,-34.8086,Reserva do Abia√≠
447,Mbandaka,CD,69.13,light rain,0.0487,18.2603,Guest House Epervier
450,Mozarlandia,BR,83.7,few clouds,-14.7447,-50.5706,Hotel Santa M√¥nica
454,Galle,LK,74.95,overcast clouds,6.0367,80.217,Amangalla
455,Ambovombe,MG,69.19,clear sky,-25.1667,46.0833,RELAHARA
456,Nampula,MZ,71.76,few clouds,-15.1165,39.2666,Ruby Backpackers
458,Mapiripan,CO,75.78,moderate rain,2.8892,-72.1256,Monserrate
459,Shushtar,IR,65.08,overcast clouds,32.0455,48.8567,⁄ÜÿßŸæ €åÿßÿ≥ ⁄©ÿ®ŸàÿØ
461,Carupano,VE,77.97,light rain,10.6678,-63.2585,Hotel La dorada
463,Trindade,BR,83.95,clear sky,-16.6494,-49.4889,Pousada Central
464,Trapani,IT,64.49,scattered clouds,37.8333,12.6667,
465,Ntcheu,MW,71.19,scattered clouds,-14.8203,34.6359,Dear Executive Lodge
467,Clarence Town,AU,64.85,clear sky,-32.5833,151.7833,River Downs Cottage
468,Ndele,CF,72.0,broken clouds,8.4109,20.6473,
471,Itabira,BR,63.79,scattered clouds,-19.6192,-43.2269,Premium Executive Hotel
473,Santa Cruz De La Palma,ES,69.94,few clouds,28.6835,-17.7642,H10 Taburiente Playa
476,Conakry,GN,82.47,overcast clouds,9.538,-13.6773,Riviera Royal Hotel
477,Tigzirt,DZ,65.16,clear sky,36.8886,4.1198,Bloc D tazoumbirt (amar)
478,Kouroussa,GN,73.42,broken clouds,10.65,-9.8833,Hotel Tando Plus
479,Miraflores,MX,74.05,broken clouds,19.2167,-98.8083,Hotel Mansi√≥n
480,Fort Portal,UG,60.22,overcast clouds,0.6617,30.2748,Elegance hotel
482,Beloha,MG,68.31,clear sky,-25.1667,45.05,
485,Bella Union,UY,78.62,clear sky,-30.2752,-57.6007,Saville Free Shop
486,Garissa,KE,76.03,overcast clouds,-0.4536,39.6401,Sharif Plaza Hotel
487,Lusambo,CD,67.84,light rain,-4.9667,23.45,
488,Sann,PK,70.02,clear sky,26.0418,68.1378,New Sindhri Hotel
491,Itupiranga,BR,84.52,moderate rain,-5.1347,-49.3267,Hotel Panorama
495,Bengkulu,ID,75.24,light rain,-3.8004,102.2655,Grage Hotel Bengkulu
496,Phalaborwa,ZA,80.11,scattered clouds,-23.943,31.1411,Bothabelo Bed and Breakfast
498,Ceres,US,65.05,clear sky,37.5949,-120.9577,Howard Johnson by Wyndham Modesto Ceres
500,Vondrozo,MG,66.45,overcast clouds,-22.8167,47.2833,
503,Maseru,LS,61.63,clear sky,-29.3167,27.4833,Lakeview guesthouse
505,Athens,GR,67.32,overcast clouds,37.9795,23.7162,Safestay Athens
506,Puerto Ayacucho,VE,75.43,overcast clouds,5.6639,-67.6236,Posada Turistica Manapiare
509,Hanumangarh,IN,60.51,clear sky,29.5833,74.3167,SPOT ON 66636 Cps Resorts
510,Yei,SS,66.22,broken clouds,4.095,30.6779,Twins Hotel Yei
512,La Asuncion,VE,82.13,light rain,11.0333,-63.8628,Colinas de Matasiete
513,Kailaras,IN,60.37,clear sky,26.3167,77.6167,‡§¨‡§ø‡§∂‡•ç‡§∞‡§æ‡§Æ ‡§ò‡§æ‡§ü ‡§ï‡•à‡§≤‡§æ‡§∞‡§∏
514,Amapa,BR,78.87,overcast clouds,1.0,-52.0,
516,Tessalit,ML,69.96,few clouds,20.1986,1.0114,
520,Tres Lagoas,BR,80.13,clear sky,-20.7511,-51.6783,Druds Express Hotel
521,Rio Branco,BR,79.41,broken clouds,-9.9747,-67.81,Hotel Guapindaia Bosque
522,Antofagasta,CL,63.68,broken clouds,-23.65,-70.4,"Holiday Inn Express Antofagasta, an IHG Hotel"
523,Cotonou,BJ,82.38,few clouds,6.3654,2.4183,Novotel Cotonou Orisha
525,Koroni,GR,64.08,overcast clouds,36.8,21.95,Apartments Xenios Zeus 1
531,Kambove,CD,61.07,light rain,-10.8764,26.5969,Pat. Mukendi
532,Boa Vista,BR,84.18,few clouds,2.8197,-60.6733,Aipana Plaza Hotel
533,Awbari,LY,64.2,clear sky,26.5921,12.7805,ÿßÿ≥ÿ™ÿ±ÿßÿ≠ÿ© ÿßŸÑÿ¥ÿßÿ±ÿ® ÿßŸÑÿπÿßÿ¶ŸÑŸä
534,Puerto Suarez,BO,80.67,few clouds,-18.95,-57.8,Hotel casa real
535,Gambela,ET,74.3,clear sky,8.25,34.5833,Solomon Debebe Hotel
536,Camacari,BR,80.37,broken clouds,-12.6975,-38.3242,S√≠tio Blasi
538,Ibra,OM,67.91,clear sky,22.6906,58.5334,ŸÖÿ≤ÿ±ÿπÿ© ÿ±ÿßÿ≠ÿ© ÿßŸÑŸÜŸÅŸàÿ≥ ÿßŸÑŸÖŸÜÿ≤ŸÅÿ©
539,Bria,CF,70.68,clear sky,6.5423,21.9863,WFP Guesthouse
540,Lonar,IN,61.09,clear sky,19.9833,76.5333,Hotel Jai Bhawani
542,Bolobo,CD,70.21,overcast clouds,-2.1667,16.2333,Hotel de Stephen
547,Porto Santo,PT,68.38,scattered clouds,33.072,-16.3415,Hotel Porto Santo & Spa
548,Puerto Carreno,CO,87.78,scattered clouds,6.189,-67.4859,Casa Hotel Victoria
549,Asyut,EG,63.36,broken clouds,27.181,31.1837,ŸÅŸÜÿØŸÇ ŸÖŸäÿ≥ ÿ•Ÿäÿ¨Ÿäÿ®ÿ™ Miss Egypt Hotel
550,Grand Baie,MU,68.45,few clouds,-20.0182,57.5802,Trou aux Biches Beachcomber Golf Resort & Spa
552,Arlit,NE,70.5,clear sky,18.7369,7.3853,Case de Passage De la Prefecture
553,Abu Dhabi,AE,77.11,clear sky,24.4667,54.3667,Beach Rotana
554,Sokoto,NG,74.93,scattered clouds,13.0609,5.239,Grand Ibro Hotel
555,Colares,PT,61.75,overcast clouds,38.7992,-9.4469,Arribas Sintra Hotel
557,Axim,GH,78.06,broken clouds,4.8699,-2.2405,Axim Beach Resort And Spa
558,Manaure,CO,81.97,overcast clouds,11.7751,-72.4445,Hotel Palaaima
559,Nola,IT,64.92,broken clouds,40.922,14.5329,Palazzo Giordano Bruno
560,Manali,IN,73.49,overcast clouds,13.1667,80.2667,Sarathy Lodge
561,Entre Rios,BR,71.49,few clouds,-11.9419,-38.0844,Pousada Porteira
562,Artigas,UY,76.17,clear sky,-30.4,-56.4667,Hotel Casino San Eugenio del Cuareim
563,Bokoro,TD,76.46,clear sky,12.3807,17.0568,
564,Trelew,AR,69.17,light rain,-43.249,-65.3051,Hotel Touring Club
565,Mirebalais,HT,83.12,scattered clouds,18.8333,-72.1053,Le Jardin
568,Ballina,AU,67.01,clear sky,-28.8667,153.5667,Ramada Hotel & Suites by Wyndham Ballina Byron
569,Xuddur,SO,72.52,clear sky,4.1213,43.8894,Banjanay Hotel
571,Sumbe,AO,74.98,light rain,-11.2061,13.8437,Hotel Ritz Sumbe
572,Camopi,GF,78.66,overcast clouds,3.1655,-52.3158,La pousada
575,Cassilandia,BR,78.76,clear sky,-19.1133,-51.7342,Delirius Motel
576,Kamareddi,IN,60.84,scattered clouds,18.3167,78.35,Mahadev sena youth
577,Qeshm,IR,73.27,overcast clouds,26.9581,56.2719,Qeshm Kavan Hotel
578,Torres,BR,68.83,scattered clouds,-29.3353,-49.7269,Farol Hotel
580,Iturama,BR,82.85,clear sky,-19.7281,-50.1956,Rep√∫blica DominaCana
582,Dabakala,CI,72.37,scattered clouds,8.3667,-4.4333,Mosqu√©e
583,Orocue,CO,77.92,overcast clouds,4.7912,-71.3354,Hotel Brisas de San Miguel
585,Katesh,TZ,60.67,moderate rain,-4.5167,35.3833,Colt Guest House
587,Bafoulabe,ML,81.14,overcast clouds,13.8065,-10.8321,Logement du Charg√© SIS Abdoul Karim Konat√©
588,Hit,IQ,63.01,clear sky,33.6416,42.8251,ÿßŸÑŸÖÿπŸÑŸÇ ÿ≠ÿ≥ÿßŸÜ ÿ±ÿ≤ÿßŸÇ
589,Iquique,CL,66.24,broken clouds,-20.2208,-70.1431,Backpacker`s Hostel Iquique
590,Nizwa,OM,68.9,clear sky,22.9333,57.5333,Orient Apartments
592,Barbacoas,CO,75.65,light rain,1.6715,-78.1398,edificio justin
594,Sao Felix Do Xingu,BR,76.75,overcast clouds,-6.6447,-51.995,Rio Xingu Camping
595,Tucupita,VE,74.28,light rain,9.0622,-62.051,Hotel Tucupita Su‚Äãite C.A.
598,Cayeli,TR,60.82,overcast clouds,41.0923,40.7292,Grand Cavusoglu Hotel
600,Khairpur Nathan Shah,PK,68.13,clear sky,27.0936,67.7337,Shoukat Hussain Hotal
604,Malindi,KE,77.67,light rain,-3.2175,40.1191,African House Resort
608,Lamu,KE,75.42,overcast clouds,-2.2717,40.902,Lamu House
611,Mbengwi,CM,63.27,broken clouds,6.0167,10.0,Senate Hotel
615,Sao Jose Da Coroa Grande,BR,77.02,broken clouds,-8.8978,-35.1478,Cr√¥a Mares Hotel
617,Inhambane,MZ,74.21,few clouds,-23.865,35.3833,Oceano
618,Alto Araguaia,BR,79.12,few clouds,-17.3147,-53.2153,Araguaia Palace Hotel
619,Matara,LK,74.91,broken clouds,5.9485,80.5353,Amaloh Boutique Resort
620,Pontes E Lacerda,BR,80.96,clear sky,-15.2261,-59.3353,Hotel Bressan
621,Kilosa,TZ,71.4,broken clouds,-6.8333,36.9833,Hotel Dorice & Daughters
623,Jacareacanga,BR,80.29,heavy intensity rain,-6.2222,-57.7528,Casa do Ianüòé
624,Ajaccio,FR,62.58,broken clouds,42.0,8.9167,Sole E Monte
625,Rurrenabaque,BO,84.88,overcast clouds,-14.4413,-67.5278,Casa de Campo
626,Mahon,ES,68.56,clear sky,39.8885,4.2658,ARTIEM Capri
631,Santa Marta,CO,86.05,broken clouds,11.2408,-74.199,Hotel La Ballena Azul
632,Sechura,PE,69.51,overcast clouds,-5.5569,-80.8222,Hospedaje Costa Bella
635,Sao Miguel Do Araguaia,BR,80.08,few clouds,-13.275,-50.1628,Hotel Executivo Palace
637,Mananara,MG,73.08,overcast clouds,-16.1667,49.7667,Chez Roger
639,Villa Sandino,NI,78.17,scattered clouds,12.0483,-84.9936,Sal√≥n Rossmary
640,San Francisco,US,66.24,broken clouds,37.7749,-122.4194,Edwardian Hotel
642,Kanniyakumari,IN,77.45,overcast clouds,8.0833,77.5667,Sparsa Kanyakumari
644,Mmabatho,ZA,66.16,broken clouds,-25.85,25.6333,Mahikeng Guest Apartments
645,Kabo,CF,74.64,overcast clouds,7.6994,18.629,
646,Monrovia,LR,78.26,broken clouds,6.3005,-10.7969,Sunset Inn
647,Misratah,LY,70.05,clear sky,32.3754,15.0925,Almasa Hotel
648,Belmonte,BR,75.49,moderate rain,-15.8631,-38.8828,Pousada Monte Carmelo O P√£o
650,Leo,BF,72.37,clear sky,11.1,-2.1,Hotel Sissilis
651,Malavalli,IN,60.75,broken clouds,12.3833,77.0833,Siddapaji Temple
654,Dwarka,IN,78.03,clear sky,22.2394,68.9678,Hotel Narayan Avezika Comfort
655,Viedma,AR,66.36,clear sky,-40.8135,-62.9967,Hotel Cristal
657,Navrongo,GH,77.13,scattered clouds,10.8956,-1.0921,Azakka Hotel
659,Reserva,BR,60.46,clear sky,-24.6503,-50.8506,Hotel Mavi
660,Dakar,SN,79.68,clear sky,14.6937,-17.4441,Novotel Dakar
662,Alta Floresta,BR,73.67,overcast clouds,-9.8756,-56.0861,Floresta Amazonica Hotel
663,Barkly West,ZA,75.42,clear sky,-28.5354,24.5215,Stafford Parker Guest House
664,Mahanje,TZ,63.64,light rain,-9.9333,35.3333,Amani social Hall
665,Dinguiraye,GN,72.9,overcast clouds,11.3,-10.7167,
666,Abnub,EG,63.25,scattered clouds,27.2696,31.1511,ÿØŸàÿßÿ± ÿßŸÑ ÿπÿ®ÿØ ÿßŸÑÿ¨ŸàÿßÿØ ÿ¥ÿ±ŸÇ ÿßŸÑÿ®ŸÑÿØ ÿ®ÿßÿ®ŸÜŸàÿ®
667,Oranjestad,AW,80.91,few clouds,12.524,-70.027,Divi Village Golf & Beach Resort
669,Saurimo,AO,62.89,light rain,-9.6608,20.3916,Hotel Kawissa Saurimo
671,Doka,SD,77.83,clear sky,13.5167,35.7667,ŸÖŸÜÿµŸàÿ± ÿπÿ´ŸÖÿßŸÜ
672,Ikongo,MG,67.68,broken clouds,-21.8833,47.4333,
673,Morondava,MG,77.88,clear sky,-20.2833,44.2833,La Case Bambou
674,Lubango,AO,60.35,scattered clouds,-14.9172,13.4925,Hotel Serra da Chela
675,Umm Lajj,SA,73.17,overcast clouds,25.0213,37.2685,Moon light Furnished Units
677,Itiuba,BR,81.39,broken clouds,-10.6917,-39.8536,PR√âDIO SOUSA MOTOS
679,Florianopolis,BR,70.83,clear sky,-27.6146,-48.5012,Hotel Boutique Quinta das Videiras
681,Gurupi,BR,81.39,broken clouds,-11.7292,-49.0686,Via Norte Hotel
682,Valparaiso,CL,66.47,few clouds,-33.0393,-71.6273,Hotel Ultramar
683,Abengourou,CI,68.94,scattered clouds,6.7297,-3.4964,Hotel des Princes
684,Goya,AR,80.29,clear sky,-29.14,-59.2626,Apart Costanera Goya
685,Anjozorobe,MG,60.76,overcast clouds,-18.4,47.8667,Mandritsara
