City_ID,City,Country,Lat,Lng,Max Temp,Humidity,Cloudiness,Wind Speed,Weather Dsc
0,Maragogi,BR,-9.0122,-35.2225,76.95,83,74,8.41,broken clouds
1,Port Alfred,ZA,-33.5906,26.891,63.18,94,100,6.6,overcast clouds
2,Zaozerne,UA,45.1582,33.2787,54.37,82,100,24.56,overcast clouds
3,Turek,PL,52.0155,18.5005,30.61,77,7,7.0,clear sky
4,Saint-Philippe,RE,-21.3585,55.7679,69.39,71,37,6.58,scattered clouds
5,Kruisfontein,ZA,-34.0033,24.7314,61.88,69,100,2.35,overcast clouds
6,Rafai,CF,4.95,23.9167,69.19,83,9,2.08,clear sky
7,Thinadhoo,MV,0.5333,72.9333,81.09,74,84,13.71,broken clouds
8,Jizan,SA,17.3333,42.6667,79.74,67,0,2.62,clear sky
9,Ghanzi,BW,-21.5667,21.7833,79.66,25,0,8.21,clear sky
10,Karaman,TR,37.0833,33.25,45.37,90,98,12.3,overcast clouds
11,Nova Olimpia,BR,-14.7972,-57.2881,84.87,30,6,0.76,clear sky
12,Hithadhoo,MV,-0.6,73.0833,81.09,73,52,12.46,broken clouds
13,Roald,NO,62.5833,6.1333,50.14,27,0,16.11,clear sky
14,General Roca,AR,-39.0333,-67.5833,90.12,24,73,4.29,broken clouds
15,Qaanaaq,GL,77.484,-69.3632,-17.48,76,2,8.05,clear sky
16,Ardakan,IR,32.31,54.0175,57.85,71,100,1.83,overcast clouds
17,Havre-Saint-Pierre,CA,50.2334,-63.5986,28.4,86,100,4.61,overcast clouds
18,Vardo,NO,70.3705,31.1107,40.98,81,100,11.5,overcast clouds
19,Carnarvon,AU,-24.8667,113.6333,64.89,62,99,17.4,overcast clouds
20,Upernavik,GL,72.7868,-56.1549,10.63,76,100,6.24,overcast clouds
21,Zapolyarnyy,RU,69.4154,30.8136,25.88,90,99,2.64,overcast clouds
22,Ushuaia,AR,-54.8,-68.3,51.46,54,40,16.11,scattered clouds
23,Oksfjord,NO,70.2396,22.3479,37.58,40,27,8.63,scattered clouds
24,Cidreira,BR,-30.1811,-50.2056,68.02,77,94,7.16,overcast clouds
25,Puri,IN,19.8,85.85,66.72,60,99,10.29,overcast clouds
26,Albal,ES,39.4,-0.4167,72.79,67,20,13.0,few clouds
27,Stilfontein,ZA,-26.8449,26.7683,75.36,39,50,9.64,scattered clouds
28,Tasiilaq,GL,65.6145,-37.6368,33.96,80,83,4.12,broken clouds
29,Luderitz,NA,-26.6481,15.1594,59.49,69,9,13.13,clear sky
30,Santa Vitoria Do Palmar,BR,-33.5189,-53.3681,69.4,64,79,5.86,broken clouds
31,Port Elizabeth,ZA,-33.918,25.5701,64.09,88,100,4.61,overcast clouds
32,Lasa,IT,46.6166,10.7002,45.48,89,80,3.8,broken clouds
33,Ginir,ET,7.1333,40.7,56.66,57,7,5.77,clear sky
34,Touros,BR,-5.1989,-35.4608,78.73,72,40,15.14,scattered clouds
35,Busselton,AU,-33.65,115.3333,52.3,78,100,18.16,overcast clouds
36,Ovre Ardal,NO,61.3167,7.8,31.12,54,0,8.21,clear sky
37,Upata,VE,8.0086,-62.3989,74.19,94,99,3.53,moderate rain
38,Narsaq,GL,60.9167,-46.05,21.42,86,100,3.91,overcast clouds
39,Berlevag,NO,70.8578,29.0864,40.95,81,75,5.75,broken clouds
40,Ostrovnoy,RU,68.0531,39.5131,38.03,83,100,15.01,overcast clouds
41,Hofn,IS,64.2539,-15.2082,45.64,96,98,10.07,overcast clouds
42,Brae,GB,60.3964,-1.353,44.89,68,100,33.73,overcast clouds
43,Nuuk,GL,64.1835,-51.7216,23.61,74,75,12.66,broken clouds
44,Iqaluit,CA,63.7506,-68.5145,8.33,78,100,9.22,light snow
45,Jamestown,US,42.097,-79.2353,31.01,78,100,6.91,overcast clouds
46,Souillac,MU,-20.5167,57.5167,62.98,82,20,5.75,few clouds
47,Salalah,OM,17.0151,54.0924,77.09,78,20,5.75,few clouds
48,Bousso,TD,10.4795,16.7117,77.23,27,15,6.8,few clouds
49,Menongue,AO,-14.6585,17.691,67.21,66,38,5.06,scattered clouds
50,Nawa,IN,27.0167,75.0,59.25,34,0,3.02,clear sky
51,Visnes,NO,59.3556,5.2242,43.21,45,0,9.22,clear sky
52,Korla,CN,41.7597,86.1469,34.86,43,5,4.83,clear sky
53,Ponta Do Sol,PT,32.6667,-17.1,68.72,75,53,5.95,broken clouds
54,Mahebourg,MU,-20.4081,57.7,68.25,82,20,5.75,few clouds
55,Kavaratti,IN,10.5669,72.642,81.68,72,0,6.82,clear sky
56,Altay,CN,47.8667,88.1167,14.14,66,93,4.83,overcast clouds
57,Adwa,ET,14.1646,38.8955,58.37,52,2,3.58,clear sky
58,Kangaatsiaq,GL,68.3065,-53.4641,21.97,84,100,5.82,overcast clouds
59,Longyearbyen,SJ,78.2186,15.6401,24.64,74,75,8.05,light snow
60,East London,ZA,-33.0153,27.9116,66.56,89,100,3.53,light rain
61,Sturgeon Falls,CA,46.3646,-79.9326,25.05,61,100,5.61,overcast clouds
62,Kutum,SD,14.2,24.6667,63.27,28,0,7.92,clear sky
63,Adrar,MR,20.5022,-10.0711,72.21,15,0,8.93,clear sky
64,Grindavik,IS,63.8424,-22.4338,44.55,81,40,3.44,scattered clouds
65,Bredasdorp,ZA,-34.5322,20.0403,59.92,62,100,2.48,overcast clouds
66,Gat,IL,31.61,34.7642,62.4,67,3,4.92,clear sky
67,Coquimbo,CL,-29.9533,-71.3436,60.53,82,75,11.5,broken clouds
68,Georgetown,MY,5.4112,100.3354,82.24,93,40,2.3,scattered clouds
69,Urucara,BR,-2.5364,-57.76,89.17,36,100,1.88,overcast clouds
70,Cape Town,ZA,-33.9258,18.4232,60.91,70,100,11.01,overcast clouds
71,Mar Del Plata,AR,-38.0023,-57.5575,62.83,85,0,11.01,clear sky
72,Lanivtsi,UA,49.8633,26.0908,28.44,98,100,2.93,light snow
73,Walvis Bay,NA,-22.9575,14.5053,63.55,77,56,5.75,broken clouds
74,Yenagoa,NG,4.9247,6.2642,76.19,89,64,4.0,broken clouds
75,Mokobeng,BW,-22.9965,27.6678,82.56,32,45,4.79,scattered clouds
76,Pombia,IT,45.653,8.6336,53.02,92,75,6.91,broken clouds
77,Neyshabur,IR,36.2133,58.7958,55.69,48,100,3.94,overcast clouds
78,Sambava,MG,-14.2667,50.1667,72.57,90,23,2.3,light rain
79,Oranjemund,NA,-28.55,16.4333,58.86,90,13,11.01,few clouds
80,Lagoa,PT,39.05,-27.9833,60.64,58,8,11.36,clear sky
81,Saint-Ambroise,CA,48.5501,-71.3324,27.14,89,100,8.39,overcast clouds
82,Saint George,US,37.1041,-113.5841,56.95,26,0,1.01,clear sky
83,Rosetta,EG,31.4044,30.4164,66.92,60,0,2.15,clear sky
84,Aripuana,BR,-9.1667,-60.6333,78.49,78,99,2.24,overcast clouds
85,Hermanus,ZA,-34.4187,19.2345,57.79,62,100,5.66,overcast clouds
86,San Cristobal,VE,7.7669,-72.225,75.38,84,66,3.33,broken clouds
87,Maceio,BR,-9.6658,-35.7353,76.44,88,0,6.91,clear sky
88,Marmaris,TR,36.855,28.2742,66.11,73,100,7.52,overcast clouds
89,Bosaso,SO,11.2842,49.1816,75.85,72,5,2.26,clear sky
90,Kokkola,FI,63.8385,23.1307,25.93,97,100,4.61,overcast clouds
91,Ladario,BR,-19.0047,-57.6017,84.67,27,19,4.36,few clouds
92,Cururupu,BR,-1.8283,-44.8683,75.25,90,73,3.33,broken clouds
93,Lagos,NG,6.5833,3.75,80.92,83,83,3.85,broken clouds
94,Westport,US,41.1415,-73.3579,43.75,50,75,9.22,broken clouds
95,Lodja,CD,-3.4833,23.4333,68.22,99,93,2.39,light rain
96,Constitucion,CL,-35.3333,-72.4167,62.62,74,44,16.58,scattered clouds
97,Stokmarknes,NO,68.5646,14.9108,28.38,80,0,4.61,clear sky
98,Pisco,PE,-13.7,-76.2167,68.05,73,0,17.27,clear sky
99,Margate,GB,51.3813,1.3862,46.87,83,100,4.0,overcast clouds
100,Tarauaca,BR,-8.1614,-70.7656,75.33,95,90,3.56,overcast clouds
101,Isiro,CD,2.7739,27.616,66.24,99,98,2.1,overcast clouds
102,Solikamsk,RU,59.6196,56.7729,7.16,92,5,2.06,clear sky
103,Vila Velha,BR,-20.3297,-40.2925,73.94,80,75,16.11,broken clouds
104,Khudumelapye,BW,-23.8833,24.75,76.62,43,55,10.63,broken clouds
105,Oistins,BB,13.0667,-59.5333,80.69,74,40,14.97,scattered clouds
106,Vicar,ES,36.8316,-2.6427,62.2,78,0,14.23,clear sky
107,Sakakah,SA,29.9697,40.2064,58.57,52,3,3.69,clear sky
108,Chuy,UY,-33.6971,-53.4616,68.4,65,92,5.75,overcast clouds
109,Cap Malheureux,MU,-19.9842,57.6142,68.47,64,22,4.0,few clouds
110,Ancud,CL,-41.8697,-73.8203,56.46,91,100,7.38,overcast clouds
111,Lebu,CL,-37.6167,-73.65,60.8,82,100,10.0,overcast clouds
112,Feuchtwangen,DE,49.1667,10.3333,47.21,92,100,9.82,moderate rain
113,Nanortalik,GL,60.1432,-45.2371,21.65,75,85,7.25,overcast clouds
114,Aden,YE,12.7794,45.0367,79.47,66,67,13.85,broken clouds
115,Asmara,ER,15.3333,38.9333,56.8,56,1,2.37,clear sky
116,Waddan,LY,29.1614,16.139,65.98,24,3,7.43,clear sky
117,Ostersund,SE,63.1792,14.6357,19.85,100,100,11.01,overcast clouds
118,Riyadh,SA,24.6877,46.7219,71.74,25,27,10.83,scattered clouds
119,Nicoya,CR,10.1483,-85.452,81.52,77,34,8.86,scattered clouds
120,Dikson,RU,73.5069,80.5464,3.78,95,100,16.35,light snow
121,Hearst,CA,49.6835,-83.6665,14.25,89,100,4.74,overcast clouds
122,Charleston,US,32.7766,-79.9309,50.18,68,0,5.75,clear sky
123,Pangnirtung,CA,66.1451,-65.7125,-5.82,94,77,5.75,broken clouds
124,Pishin,PK,30.5803,66.9961,47.7,31,38,1.66,scattered clouds
125,Najran,SA,17.4924,44.1277,63.25,31,1,1.01,clear sky
126,Gerash,IR,27.6652,54.1371,64.58,51,100,3.76,overcast clouds
127,Mehamn,NO,71.0357,27.8492,40.91,100,75,2.3,light intensity drizzle
128,Iskateley,RU,67.6803,53.1512,30.36,92,98,15.95,overcast clouds
129,Ribeira Grande,PT,38.5167,-28.7,56.77,75,17,4.0,few clouds
130,Torbay,CA,47.6666,-52.7314,46.76,83,75,36.82,broken clouds
131,Bandarbeyla,SO,9.4942,50.8122,77.68,72,3,14.05,clear sky
132,Marica,BR,-22.9194,-42.8186,75.11,75,1,4.41,clear sky
133,Umm Kaddadah,SD,13.6017,26.6876,69.06,24,0,13.6,clear sky
134,Havelock,US,34.8791,-76.9013,49.98,65,0,5.75,clear sky
135,Argelia,CO,2.2556,-77.2488,68.74,97,99,1.39,moderate rain
136,Suez,EG,29.9737,32.5263,64.15,60,1,3.38,clear sky
137,Kudahuvadhoo,MV,2.6708,72.8944,81.43,79,99,16.87,light rain
138,San Bernardo,CL,-33.6,-70.7167,83.44,38,2,11.05,clear sky
139,Kargasok,RU,59.0556,80.8572,-10.89,97,27,5.57,scattered clouds
140,Taltal,CL,-25.4,-70.4833,66.18,81,55,5.91,broken clouds
141,Paracuru,BR,-3.41,-39.0306,80.11,77,7,14.18,clear sky
142,Soure,BR,-0.7167,-48.5233,80.49,76,45,12.5,scattered clouds
143,Farafangana,MG,-22.8167,47.8333,73.51,89,98,8.79,light rain
144,Dingle,PH,10.9995,122.6711,75.92,94,100,8.52,light rain
145,Loandjili,CG,-4.7561,11.8578,75.85,85,100,2.35,overcast clouds
146,Arraial Do Cabo,BR,-22.9661,-42.0278,73.36,73,40,8.05,scattered clouds
147,Ust-Tsilma,RU,65.441,52.1498,18.3,92,94,12.03,overcast clouds
148,Hamilton,US,39.1834,-84.5333,31.23,72,100,12.66,haze
149,Vila Franca Do Campo,PT,37.7167,-25.4333,60.19,71,10,8.41,clear sky
150,Bathsheba,BB,13.2167,-59.5167,81.21,74,40,14.97,scattered clouds
151,Marawi,PH,7.9986,124.2928,68.63,91,97,1.45,light rain
152,Manjacaze,MZ,-24.7117,33.8828,72.45,72,16,6.33,few clouds
153,Sandwick,GB,60.0,-1.25,44.42,87,75,25.32,broken clouds
154,Sorland,NO,67.667,12.6934,44.46,57,76,8.66,broken clouds
155,Bambous Virieux,MU,-20.3428,57.7575,68.22,82,20,5.75,few clouds
156,Aksu,CN,41.1231,80.2644,35.42,39,72,3.44,broken clouds
157,Jalu,LY,29.0331,21.5482,66.4,28,0,11.74,clear sky
158,Necochea,AR,-38.5473,-58.7368,58.37,84,64,14.23,broken clouds
159,Punta Arenas,CL,-53.15,-70.9167,55.51,44,40,24.16,scattered clouds
160,Sur,OM,22.5667,59.5289,74.64,71,3,6.98,clear sky
161,Victoria,HK,22.2855,114.1577,75.38,87,0,4.0,clear sky
162,Bajil,YE,15.0584,43.2851,77.94,70,0,4.34,clear sky
163,Rusape,ZW,-18.5278,32.1284,62.44,69,0,3.47,clear sky
164,Bataipora,BR,-22.2953,-53.2711,75.52,38,0,7.11,clear sky
165,Ambilobe,MG,-13.2,49.05,72.27,89,24,3.06,few clouds
166,Qasigiannguit,GL,68.8193,-51.1922,19.65,95,100,1.63,light snow
167,Manaus,BR,-3.1019,-60.025,86.49,70,40,9.22,scattered clouds
168,Rognan,NO,67.0953,15.3878,42.94,37,79,9.31,broken clouds
169,Buchanan,LR,5.8808,-10.0467,78.46,85,76,6.31,broken clouds
170,Bouca,CF,6.5105,18.2733,71.89,50,100,2.42,overcast clouds
171,Nikel,RU,69.4128,30.222,26.78,91,100,0.81,overcast clouds
172,Sisimiut,GL,66.9395,-53.6735,22.86,88,100,20.62,overcast clouds
173,Nantucket,US,41.2835,-70.0995,46.51,55,75,11.5,broken clouds
174,Asfi,MA,32.2994,-9.2372,66.76,86,29,4.97,scattered clouds
175,Derzhavinsk,KZ,51.1,66.3167,15.51,95,91,4.81,overcast clouds
176,Huarmey,PE,-10.0681,-78.1522,68.14,76,92,10.18,overcast clouds
177,Kavali,IN,14.9167,79.9833,70.12,72,100,7.09,overcast clouds
178,Vestmannaeyjar,IS,63.4427,-20.2734,46.36,85,68,17.94,light rain
179,Corrente,BR,-3.7367,-43.3394,81.16,67,83,3.91,broken clouds
180,Oum Hadjer,TD,13.2954,19.6966,76.26,22,0,10.13,clear sky
181,San Felipe,VE,10.3399,-68.7425,73.69,97,100,3.29,overcast clouds
182,Divnomorskoye,RU,44.5011,38.1353,58.69,80,100,21.32,light rain
183,Charlestown,AU,-32.95,151.6667,66.11,58,2,5.01,clear sky
184,Sao Borja,BR,-28.6606,-56.0044,75.94,28,0,11.12,clear sky
185,State College,US,40.7934,-77.86,34.81,75,75,11.5,broken clouds
186,Faya,SA,18.3851,42.4509,57.31,73,1,1.21,clear sky
187,Harindanga,IN,22.0383,88.3214,66.34,54,0,8.05,clear sky
188,Khash,IR,28.2211,61.2158,58.84,46,53,5.68,broken clouds
189,Leningradskiy,RU,69.3833,178.4167,7.45,96,100,12.46,light snow
190,Castro,BR,-24.7911,-50.0119,61.65,58,1,6.98,clear sky
191,Usinsk,RU,65.9939,57.5281,15.39,94,100,24.74,snow
192,Camacha,PT,33.0833,-16.3333,65.62,77,40,9.22,scattered clouds
193,Tazovskiy,RU,67.4667,78.7,12.72,93,100,22.7,light snow
194,Abonnema,NG,4.7084,6.7931,77.36,85,96,6.67,overcast clouds
195,Rio Gallegos,AR,-51.6226,-69.2181,69.85,14,0,14.97,clear sky
196,Beboto,TD,8.2668,16.939,74.03,36,91,2.75,overcast clouds
197,Salekhard,RU,66.53,66.6019,16.09,85,99,15.64,overcast clouds
198,Port-Gentil,GA,-0.7193,8.7815,76.96,88,40,4.61,scattered clouds
199,Karibib,NA,-21.9333,15.8333,75.34,22,95,4.07,overcast clouds
200,Nauta,PE,-4.5061,-73.5757,81.12,72,78,0.85,broken clouds
201,Torva,EE,58.0028,25.935,30.11,77,92,9.19,overcast clouds
202,Marki,PL,52.3206,21.1047,35.13,79,75,2.3,broken clouds
203,Rio Grande,BR,-32.035,-52.0986,75.31,64,45,8.32,scattered clouds
204,Yar-Sale,RU,66.8333,70.8333,17.98,84,100,25.26,overcast clouds
205,Kharitonovo,RU,61.4009,47.4978,12.25,97,52,1.48,broken clouds
206,Kalmunai,LK,7.4167,81.8167,71.37,84,100,10.89,overcast clouds
207,Burgeo,CA,47.6167,-57.6152,40.24,80,100,26.04,overcast clouds
208,Warmbad,NA,-28.45,18.7333,66.27,29,3,12.84,clear sky
209,Mercedes,AR,-34.6515,-59.4307,84.78,31,25,7.0,scattered clouds
210,Kenitra,MA,34.261,-6.5802,65.16,78,100,8.21,overcast clouds
211,Thompson,CA,55.7435,-97.8558,3.36,78,75,11.5,broken clouds
212,Tanta,EG,30.7885,31.0019,59.94,78,0,2.68,clear sky
213,San Jose,US,37.3394,-121.895,69.1,35,75,10.36,broken clouds
214,Muros,ES,42.7762,-9.0603,52.09,94,15,5.79,few clouds
215,Fjerritslev,DK,57.0813,9.2664,42.66,67,93,28.23,overcast clouds
216,Ponezhukay,RU,44.8876,39.3855,57.83,51,100,25.7,overcast clouds
217,Ouadda,CF,8.0777,22.4007,69.37,41,62,2.46,broken clouds
218,San Luis,AR,-33.295,-66.3356,89.22,24,4,13.15,clear sky
219,Sinnamary,GF,5.3833,-52.95,79.68,80,24,10.65,few clouds
220,The Valley,AI,18.217,-63.0578,81.1,78,20,9.22,few clouds
221,Aksay,RU,47.26,39.87,52.25,70,100,18.01,overcast clouds
222,Atar,MR,20.5169,-13.0499,76.82,16,0,9.71,clear sky
223,Moldava Nad Bodvou,SK,48.6143,20.9996,36.86,94,75,9.22,broken clouds
224,La Maddalena,IT,41.2142,9.4083,66.36,82,58,17.34,broken clouds
225,Warrington,GB,53.3925,-2.5802,50.11,95,75,9.22,broken clouds
226,Bueno Brandao,BR,-22.4408,-46.3508,61.34,78,55,7.47,broken clouds
227,Saint-Georges,GD,12.0564,-61.7485,80.28,89,75,11.5,broken clouds
228,Sao Joao Da Barra,BR,-21.6403,-41.0511,73.49,76,40,16.31,scattered clouds
229,Simi,SL,9.5667,-12.35,74.57,49,94,2.77,overcast clouds
230,Arrecife,ES,28.963,-13.5477,67.98,83,20,5.75,few clouds
231,Tala,EG,30.6803,30.9429,60.03,78,1,3.2,clear sky
232,Goias,BR,-15.5807,-49.6362,81.81,38,12,2.44,few clouds
233,Caravelas,BR,-17.7125,-39.2481,72.57,94,100,9.17,overcast clouds
234,Pedasi,PA,7.5333,-80.0333,74.07,90,100,16.71,moderate rain
235,Newark,US,40.7357,-74.1724,43.34,52,40,15.01,scattered clouds
236,Chapais,CA,49.7834,-74.8492,19.18,91,100,8.63,light snow
237,Balad,IQ,34.0164,44.1453,63.18,56,0,5.26,clear sky
238,Acarau,BR,-2.8856,-40.12,79.61,76,12,17.67,few clouds
239,Clyde River,CA,70.4692,-68.5914,-1.97,78,100,11.5,overcast clouds
240,Inta,RU,66.0317,60.1659,8.76,91,100,33.8,light snow
241,Bangassou,CF,4.7413,22.8184,69.48,91,12,2.28,few clouds
242,Nahrin,AF,36.0649,69.1334,51.13,21,77,3.53,broken clouds
243,Dorfen,DE,48.2667,12.15,48.76,91,97,5.32,overcast clouds
244,Sebeta,ET,8.9167,38.6167,51.53,53,58,1.07,broken clouds
245,Atocha,BO,-20.9333,-66.2333,53.8,57,53,22.68,broken clouds
246,Ekibastuz,KZ,51.6667,75.3667,16.16,73,13,5.19,few clouds
247,Nushki,PK,29.5542,66.0215,55.17,23,21,4.5,few clouds
248,Bani,DO,18.2833,-70.3333,79.86,78,11,11.86,few clouds
249,Talnakh,RU,69.4865,88.3972,-2.79,96,100,24.11,light snow
250,Krasnoye,UA,49.9145,24.6134,29.8,97,100,3.18,light snow
251,Pakhtakoron,TJ,40.1571,68.7466,48.79,45,100,15.59,overcast clouds
252,Namibe,AO,-15.1961,12.1522,69.42,80,34,3.47,scattered clouds
253,Carutapera,BR,-1.195,-46.02,77.61,86,90,6.31,overcast clouds
254,Banda Aceh,ID,5.5577,95.3222,78.4,77,100,10.42,overcast clouds
255,Shepsi,RU,44.0361,39.1489,61.61,65,100,28.81,overcast clouds
256,Saint-Francois,FR,46.4154,3.9054,49.44,81,100,9.22,overcast clouds
257,Abu Kamal,SY,34.4506,40.9171,60.94,59,0,3.47,clear sky
258,Mabaruma,GY,8.2,-59.7833,74.52,96,82,3.42,broken clouds
259,Entebbe,UG,0.0644,32.4469,68.32,100,20,0.0,few clouds
260,Ambanja,MG,-13.6833,48.45,72.82,91,30,3.27,scattered clouds
261,Villazon,BO,-22.0866,-65.5942,56.35,54,74,9.6,broken clouds
262,Sinop,TR,41.7711,34.8709,52.41,62,100,8.16,overcast clouds
263,Quatre Cocos,MU,-20.2078,57.7625,68.09,63,28,5.68,scattered clouds
264,San Antonio,US,29.4241,-98.4936,59.11,32,100,6.91,overcast clouds
265,Lubao,PH,14.9167,120.55,78.51,87,99,5.88,overcast clouds
266,Broadford,AU,-37.2,145.0667,57.31,65,7,2.68,clear sky
267,San Carlos De Bariloche,AR,-41.1456,-71.3082,67.75,34,75,16.11,broken clouds
268,Bonthe,SL,7.5264,-12.505,79.25,81,100,3.85,overcast clouds
269,Grand Gaube,MU,-20.0064,57.6608,68.38,64,28,3.0,scattered clouds
270,Illapel,CL,-31.6308,-71.1653,74.88,48,0,8.93,clear sky
271,Kovdor,RU,67.5662,30.4758,18.95,81,40,2.13,scattered clouds
272,San Ramon,US,37.7799,-121.978,65.37,44,0,4.61,clear sky
273,Camapua,BR,-19.5314,-54.0439,79.29,32,0,2.64,clear sky
274,Wamba,NG,8.9333,8.6,74.41,39,16,3.89,few clouds
275,Riohacha,CO,11.5444,-72.9072,84.31,74,75,6.91,broken clouds
276,Washington,US,47.5001,-120.5015,43.18,61,1,2.84,clear sky
277,Quepos,CR,9.4236,-84.1652,80.6,82,47,4.12,scattered clouds
278,Andenes,NO,69.3143,16.1194,33.78,75,0,11.5,clear sky
279,Saint-Pierre,RE,-21.3393,55.4781,69.48,60,0,6.91,clear sky
280,Saint Anthony,US,45.0205,-93.218,26.85,80,100,18.41,mist
281,Anloga,GH,5.7947,0.8973,80.71,75,25,6.69,light rain
282,Boueni,YT,-12.9025,45.0761,78.78,79,20,6.31,few clouds
283,Safakulevo,RU,54.9901,62.5442,3.79,95,24,3.78,few clouds
284,Dasoguz,TM,41.8363,59.9666,42.75,65,0,9.22,clear sky
285,Satinka,RU,52.3792,41.6819,28.65,98,98,4.21,overcast clouds
286,Ilulissat,GL,69.2167,-51.1,19.42,79,75,5.75,broken clouds
287,Hun,LY,29.1268,15.9477,67.17,23,4,9.66,clear sky
288,Ghatampur,IN,26.1667,80.1667,61.86,45,0,5.68,clear sky
289,Sabha,LY,27.0377,14.4283,64.6,24,32,9.04,scattered clouds
290,Sao Filipe,CV,14.8961,-24.4956,78.66,74,99,3.85,overcast clouds
291,Resistencia,AR,-27.4606,-58.9839,87.85,32,0,6.91,clear sky
292,Nikolskiy,RU,60.9151,34.0645,21.78,88,36,5.23,scattered clouds
293,Kapoeta,SS,4.7717,33.5903,79.5,52,16,3.6,few clouds
294,Kokstad,ZA,-30.5472,29.4241,58.12,89,94,2.66,overcast clouds
295,Saint-Joseph,RE,-21.3667,55.6167,68.38,71,18,5.5,few clouds
296,Wittingen,DE,52.7269,10.7361,43.16,100,100,13.89,overcast clouds
297,Puerto Del Rosario,ES,28.5004,-13.8627,69.55,83,20,5.75,few clouds
298,Port Blair,IN,11.6667,92.75,78.73,83,100,6.35,overcast clouds
299,Itubera,BR,-13.7322,-39.1492,73.69,94,99,3.49,overcast clouds
300,Esik,KZ,43.3552,77.4525,33.17,64,91,5.91,overcast clouds
301,Geraldton,AU,-28.7667,114.6,57.61,88,100,14.97,light intensity shower rain
302,Unirea,RO,44.15,23.1833,49.12,69,36,7.38,scattered clouds
303,Itarema,BR,-2.9248,-39.9167,79.5,75,13,16.02,few clouds
304,Suda,RU,59.1525,37.5582,18.95,80,20,9.57,few clouds
305,Jutai,BR,-5.1833,-68.9,75.45,97,99,3.02,overcast clouds
306,Petrosani,RO,45.4167,23.3667,41.07,81,27,2.28,scattered clouds
307,Mogadishu,SO,2.0371,45.3438,79.05,82,0,12.01,clear sky
308,San Juan,AR,-31.5375,-68.5364,93.34,22,0,12.26,clear sky
309,Bajna,IN,27.9,77.6833,61.88,49,0,4.65,clear sky
310,Tarko-Sale,RU,64.9225,77.785,7.29,73,100,27.87,overcast clouds
311,Prestea,GH,5.4327,-2.1428,74.26,92,67,2.37,broken clouds
312,Santa Isabel Do Rio Negro,BR,-0.4139,-65.0192,73.18,99,100,3.49,moderate rain
313,Vamdrup,DK,55.4276,9.2844,42.93,75,67,21.85,broken clouds
314,Zhelyabovka,UA,45.3988,34.7578,55.94,85,100,19.75,light rain
315,Villa Carlos Paz,AR,-31.4241,-64.4978,91.38,16,0,15.99,clear sky
316,Zyryanovsk,KZ,49.7386,84.2719,15.49,97,100,1.25,overcast clouds
317,Mantua,IT,45.1667,10.7833,53.06,87,99,5.46,overcast clouds
318,Cayenne,GF,4.9333,-52.3333,80.64,78,0,4.61,clear sky
319,Serebryansk,KZ,49.6925,83.2892,17.44,96,100,2.8,light snow
320,Shelburne,CA,44.0787,-80.2041,28.76,88,91,6.73,overcast clouds
321,Ponta Delgada,PT,37.7333,-25.6667,60.49,67,20,8.05,few clouds
322,Hambantota,LK,6.1241,81.1185,77.41,80,100,1.01,overcast clouds
323,Olafsvik,IS,64.8945,-23.7142,45.07,83,56,22.01,broken clouds
324,Yarim,YE,14.298,44.3779,50.72,43,4,4.45,clear sky
325,Consett,GB,54.854,-1.8316,46.35,88,100,11.43,moderate rain
326,Mahibadhoo,MV,3.7833,72.9667,80.33,79,90,14.36,light rain
327,Husavik,IS,66.0449,-17.3389,42.78,84,42,10.11,scattered clouds
328,Ust-Kulom,RU,61.6864,53.6902,2.59,97,40,2.26,scattered clouds
329,Pauini,BR,-7.7136,-66.9764,75.69,94,100,6.4,light rain
330,Sokolo,ML,14.7328,-6.1219,80.55,15,100,10.54,overcast clouds
331,Marfino,RU,55.7028,37.3822,26.17,79,75,17.9,light shower snow
332,Tamsalu,EE,59.1586,26.1153,26.53,82,11,7.43,few clouds
333,Natal,BR,-5.795,-35.2094,79.45,73,20,8.05,few clouds
334,Barra Dos Coqueiros,BR,-10.9089,-37.0386,78.82,78,20,10.36,few clouds
335,Spencer,US,43.1414,-95.1444,24.91,69,100,26.46,overcast clouds
336,Wukari,NG,7.85,9.7833,77.49,38,28,1.88,scattered clouds
337,Corn Island,NI,12.1694,-83.0418,82.87,77,59,19.48,broken clouds
338,Narsipatnam,IN,17.6667,82.6167,66.16,69,96,3.96,overcast clouds
339,Ronneby,SE,56.21,15.276,36.1,100,100,6.91,overcast clouds
340,Solginskiy,RU,61.05,41.3428,12.29,96,29,4.09,scattered clouds
341,Rorvik,NO,64.8621,11.2373,37.51,32,0,4.61,clear sky
342,Rawson,AR,-43.3002,-65.1023,71.96,57,90,25.48,overcast clouds
343,Badnawar,IN,23.0167,75.2167,60.69,43,0,7.27,clear sky
344,Codrington,AU,-38.2667,141.9667,53.83,76,7,11.1,clear sky
345,Krasnoselkup,RU,65.7,82.4667,6.87,81,100,27.25,light snow
346,Oudtshoorn,ZA,-33.5907,22.2014,57.22,79,100,2.66,overcast clouds
347,Saint-Augustin,CA,51.226,-58.6502,29.44,96,100,23.58,snow
348,Sao Luis Do Quitunde,BR,-9.3183,-35.5611,76.44,86,30,5.41,scattered clouds
349,Doume,CM,4.2333,13.45,68.56,82,53,2.91,broken clouds
350,La Gloria,CO,8.6187,-73.8027,80.11,90,86,3.02,overcast clouds
351,Dzaoudzi,YT,-12.7887,45.2699,78.69,83,40,4.61,scattered clouds
352,Shadegan,IR,30.6497,48.6647,64.35,76,100,3.4,overcast clouds
353,Copiapo,CL,-27.3667,-70.3333,58.69,46,7,7.63,clear sky
354,Belyy Yar,RU,53.6039,91.3903,22.89,64,0,11.18,clear sky
355,Temir,KZ,49.1414,57.13,28.89,76,100,15.86,overcast clouds
356,Issenye,TZ,-2.0,34.3333,64.76,94,98,0.74,light rain
357,Hobyo,SO,5.3505,48.5268,80.29,78,35,12.26,scattered clouds
358,Buraydah,SA,26.326,43.975,70.25,48,100,12.08,overcast clouds
359,Takoradi,GH,4.8845,-1.7554,78.42,83,73,9.33,broken clouds
360,Izhma,RU,65.0083,53.9113,15.37,86,99,11.27,overcast clouds
361,Suluq,LY,31.6682,20.2521,66.33,69,0,5.53,clear sky
362,Laguna,US,38.421,-121.4238,69.17,40,0,4.61,clear sky
363,Rajshahi,BD,24.3667,88.6,65.77,58,1,7.29,clear sky
364,Marsh Harbour,BS,26.5412,-77.0636,76.15,79,58,20.45,broken clouds
365,Kosa,RU,59.9445,54.9977,5.49,97,11,2.01,few clouds
366,Miass,RU,55.045,60.1083,7.05,97,91,4.27,overcast clouds
367,Uvat,RU,59.1433,68.8953,-4.94,94,12,5.75,few clouds
368,Mao,ES,39.8885,4.2658,68.56,83,0,13.8,clear sky
369,Porto Novo,BJ,6.4965,2.6036,82.22,81,51,6.2,broken clouds
370,Lima,PE,-12.0432,-77.0282,64.65,72,40,10.36,scattered clouds
371,Maine-Soroa,NE,13.2114,12.0241,72.79,23,35,9.04,scattered clouds
372,Harer,ET,9.3094,42.1258,58.23,51,17,3.42,few clouds
373,Medina Del Campo,ES,41.3124,-4.9141,49.71,87,53,14.29,broken clouds
374,Soyo,AO,-6.1349,12.3689,76.82,76,58,3.69,broken clouds
375,Mahanoro,MG,-19.9,48.8,72.61,91,100,5.68,overcast clouds
376,Opuwo,NA,-18.0607,13.84,71.02,52,40,5.21,scattered clouds
377,Santa Rosa,PH,14.3122,121.1114,81.01,79,100,8.81,overcast clouds
378,Ivankiv,UA,50.9386,29.8943,24.66,81,68,5.3,broken clouds
379,Swinford,IE,53.95,-8.95,45.34,99,52,13.71,broken clouds
380,Olinda,BR,-8.0089,-34.8553,80.33,69,40,6.91,scattered clouds
381,Mandera,KE,3.9366,41.867,84.67,47,60,16.37,broken clouds
382,Cabedelo,BR,-6.9811,-34.8339,79.47,79,13,10.4,few clouds
383,Nouadhibou,MR,20.931,-17.0347,78.78,27,0,20.71,clear sky
384,Padang,ID,-0.9492,100.3543,73.45,87,100,3.42,overcast clouds
385,Pozo Colorado,PY,-23.4923,-58.7972,82.87,33,28,6.42,scattered clouds
386,Saldanha,ZA,-33.0117,17.9442,53.65,71,100,17.31,overcast clouds
387,Fougamou,GA,-1.2154,10.5838,72.91,98,100,2.06,overcast clouds
388,Hualmay,PE,-11.0964,-77.6139,68.22,73,60,11.41,broken clouds
389,Bubaque,GW,11.2833,-15.8333,83.21,75,100,11.1,overcast clouds
390,Cusuna,HN,15.85,-85.2333,79.66,81,84,3.44,broken clouds
391,Astana,KZ,51.1801,71.446,7.0,99,89,1.79,overcast clouds
392,Dalvik,IS,65.9702,-18.5286,39.13,88,92,13.15,overcast clouds
393,Middelburg,ZA,-25.7751,29.4648,71.47,38,57,3.0,broken clouds
394,Goundam,ML,16.4145,-3.6708,76.64,14,81,9.19,broken clouds
395,Spassk,RU,52.747,87.7545,20.7,95,100,2.28,light snow
396,Okakarara,NA,-20.5833,17.4333,80.17,31,97,2.3,overcast clouds
397,Rabo De Peixe,PT,37.8,-25.5833,59.27,96,20,8.05,few clouds
398,Ouallam,NE,14.3188,2.0866,75.92,17,66,9.33,broken clouds
399,Marzuq,YE,14.4,46.4667,63.12,70,16,3.15,few clouds
400,Makokou,GA,0.5738,12.8642,68.68,99,100,2.42,overcast clouds
401,Henties Bay,NA,-22.116,14.2845,59.63,90,68,5.19,broken clouds
402,Bilma,NE,18.6853,12.9164,68.4,21,25,6.26,scattered clouds
403,Road Town,VG,18.4167,-64.6167,82.49,78,40,10.36,scattered clouds
404,Mecca,SA,21.4267,39.8261,76.42,74,5,6.67,clear sky
405,Roccastrada,IT,43.0099,11.1665,59.2,97,25,2.04,scattered clouds
406,Sydney Mines,CA,46.2367,-60.2177,41.0,82,20,12.66,light rain
407,Marquette,US,46.5333,-87.6335,27.82,87,100,3.04,overcast clouds
408,Zaykovo,RU,57.5613,62.7568,-1.03,92,5,4.56,clear sky
409,Santa Maria,BR,-29.6842,-53.8069,79.9,36,0,9.22,clear sky
410,Obo,CF,5.3998,26.4869,70.84,56,11,1.68,few clouds
411,Vytegra,RU,61.0064,36.4481,19.78,84,23,5.95,few clouds
412,Gamba,GA,-2.65,10.0,74.1,91,99,4.7,overcast clouds
413,Conceicao Do Araguaia,BR,-8.2578,-49.2647,74.66,88,99,3.71,overcast clouds
414,Pocosol,CR,10.3667,-84.6167,80.28,93,71,5.28,broken clouds
415,Jaicos,BR,-7.3592,-41.1378,88.77,28,38,3.76,scattered clouds
416,Paamiut,GL,61.994,-49.6678,16.86,68,100,6.46,overcast clouds
417,Lukulu,ZM,-14.3707,23.242,69.51,68,45,5.82,scattered clouds
418,Remanso,BR,-9.6179,-42.0831,81.46,56,74,6.71,broken clouds
419,Cockburn Town,TC,21.4612,-71.1419,81.68,76,9,17.45,clear sky
420,Garbsen,DE,52.4167,9.6,43.45,94,100,12.66,overcast clouds
421,Xai-Xai,MZ,-25.0519,33.6442,73.02,74,16,8.32,few clouds
422,El Alto,PE,-4.2714,-81.2147,65.86,81,60,18.16,broken clouds
423,Yining,CN,29.0361,114.5636,57.11,94,97,1.34,overcast clouds
424,Batyrevo,RU,55.0675,47.6111,28.09,96,100,17.65,snow
425,Bar Harbor,US,44.3876,-68.2039,38.01,57,20,18.01,few clouds
426,Channel-Port Aux Basques,CA,47.5702,-59.1367,38.21,94,100,22.84,overcast clouds
427,Marsa Matruh,EG,31.3525,27.2453,66.4,40,0,13.67,clear sky
428,Bay Roberts,CA,47.5999,-53.2648,47.52,82,96,17.0,overcast clouds
429,Amargosa,BR,-13.0303,-39.6047,70.66,96,97,6.22,overcast clouds
430,Strezhevoy,RU,60.7333,77.5889,-3.05,89,63,9.89,broken clouds
431,Owerri,NG,5.4833,7.0304,74.82,92,100,3.91,overcast clouds
432,Schruns,AT,47.0709,9.9475,40.82,85,85,4.85,overcast clouds
433,Srebrenik,BA,44.7078,18.4881,41.65,89,23,2.64,few clouds
434,Clevelandia,BR,-26.3958,-52.4708,59.94,80,0,3.42,clear sky
435,Ornskoldsvik,SE,63.2909,18.7153,27.55,100,100,3.44,overcast clouds
436,Los Llanos De Aridane,ES,28.6585,-17.9182,65.95,67,20,5.99,few clouds
437,Zaysan,KZ,47.4667,84.8667,20.41,57,86,3.53,overcast clouds
438,Skjervoy,NO,70.0311,20.9714,30.2,43,57,7.92,broken clouds
439,Meulaboh,ID,4.1363,96.1285,74.48,89,100,3.76,overcast clouds
440,Scarborough,GB,54.2797,-0.4044,50.79,94,100,5.99,moderate rain
441,Calama,CL,-22.4667,-68.9333,77.49,10,0,26.46,clear sky
442,Isilkul,RU,54.9109,71.2728,-4.05,97,7,1.72,clear sky
443,Misasi,TZ,-3.0,33.0833,67.01,89,100,4.52,light rain
444,Tabuny,RU,52.7773,78.7896,17.58,80,100,7.02,overcast clouds
445,Vangaindrano,MG,-23.35,47.6,72.52,93,88,5.95,light rain
446,Pitimbu,BR,-7.4706,-34.8086,79.39,82,15,10.94,few clouds
447,Mbandaka,CD,0.0487,18.2603,69.13,98,66,2.55,light rain
448,Brigantine,US,39.4101,-74.3646,42.03,55,100,14.97,overcast clouds
449,Leshukonskoye,RU,64.8989,45.7622,19.42,94,100,8.77,overcast clouds
450,Mozarlandia,BR,-14.7447,-50.5706,83.7,44,14,8.14,few clouds
451,Severnoye,RU,56.3491,78.3619,-7.58,98,6,1.97,clear sky
452,Rockland,US,41.1668,-74.0496,41.97,58,36,1.99,scattered clouds
453,Howell,US,42.6073,-83.9294,31.32,76,100,7.0,overcast clouds
454,Galle,LK,6.0367,80.217,74.95,86,86,6.62,overcast clouds
455,Ambovombe,MG,-25.1667,46.0833,69.19,79,3,2.62,clear sky
456,Nampula,MZ,-15.1165,39.2666,71.76,83,19,3.06,few clouds
457,Manbij,SY,36.5281,37.9549,56.14,77,23,4.85,few clouds
458,Mapiripan,CO,2.8892,-72.1256,75.78,93,86,4.85,moderate rain
459,Shushtar,IR,32.0455,48.8567,65.08,80,100,3.91,overcast clouds
460,Santiago Del Estero,AR,-27.7951,-64.2615,91.26,23,18,10.67,few clouds
461,Carupano,VE,10.6678,-63.2585,77.97,88,100,11.7,light rain
462,Klaksvik,FO,62.2266,-6.589,47.32,81,100,34.11,light rain
463,Trindade,BR,-16.6494,-49.4889,83.95,37,6,4.63,clear sky
464,Trapani,IT,37.8333,12.6667,64.49,94,40,12.66,scattered clouds
465,Ntcheu,MW,-14.8203,34.6359,71.19,52,40,6.42,scattered clouds
466,Elmira,US,42.0898,-76.8077,34.36,73,75,8.05,broken clouds
467,Clarence Town,AU,-32.5833,151.7833,64.85,52,2,4.85,clear sky
468,Ndele,CF,8.4109,20.6473,72.0,33,77,4.45,broken clouds
469,Sarahan,IN,31.5167,77.8,39.45,33,0,9.8,clear sky
470,Semey,KZ,50.4111,80.2275,22.33,70,36,4.7,scattered clouds
471,Itabira,BR,-19.6192,-43.2269,63.79,96,43,3.02,scattered clouds
472,Akdepe,TM,42.0551,59.3788,42.89,58,69,8.21,broken clouds
473,Santa Cruz De La Palma,ES,28.6835,-17.7642,69.94,78,20,3.44,few clouds
474,Mezen,RU,65.8522,44.24,31.3,98,100,9.06,light snow
475,Huanuni,BO,-18.2667,-66.85,51.73,24,8,21.88,clear sky
476,Conakry,GN,9.538,-13.6773,82.47,69,100,2.24,overcast clouds
477,Tigzirt,DZ,36.8886,4.1198,65.16,79,0,10.11,clear sky
478,Kouroussa,GN,10.65,-9.8833,73.42,30,78,2.84,broken clouds
479,Miraflores,MX,19.2167,-98.8083,74.05,58,77,3.4,broken clouds
480,Fort Portal,UG,0.6617,30.2748,60.22,95,100,1.19,overcast clouds
481,Grobina,LV,56.5352,21.1678,29.98,93,40,6.91,scattered clouds
482,Beloha,MG,-25.1667,45.05,68.31,86,0,3.15,clear sky
483,Shache,CN,38.4167,77.2406,37.87,24,34,3.51,scattered clouds
484,Tiznit,MA,29.5833,-9.5,59.67,73,46,1.52,scattered clouds
485,Bella Union,UY,-30.2752,-57.6007,78.62,34,0,8.97,clear sky
486,Garissa,KE,-0.4536,39.6401,76.03,83,97,8.61,overcast clouds
487,Lusambo,CD,-4.9667,23.45,67.84,91,97,0.6,light rain
488,Sann,PK,26.0418,68.1378,70.02,39,2,1.72,clear sky
489,Dzyhivka,UA,48.359,28.3158,30.67,95,96,4.34,overcast clouds
490,Karasburg,NA,-28.0167,18.75,61.0,30,17,10.94,few clouds
491,Itupiranga,BR,-5.1347,-49.3267,84.52,71,92,2.46,moderate rain
492,Dolany,CZ,49.6499,17.3224,42.58,92,100,2.01,overcast clouds
493,Vage,NO,60.0469,5.5178,42.93,64,0,8.99,clear sky
494,Qaqortoq,GL,60.7167,-46.0333,16.45,83,98,4.36,overcast clouds
495,Bengkulu,ID,-3.8004,102.2655,75.24,86,96,6.08,light rain
496,Phalaborwa,ZA,-23.943,31.1411,80.11,47,37,3.47,scattered clouds
497,Bahir Dar,ET,11.5936,37.3908,59.0,70,15,2.95,few clouds
498,Ceres,US,37.5949,-120.9577,65.05,44,0,5.75,clear sky
499,Pogar,RU,52.554,33.2591,24.15,80,81,9.35,broken clouds
500,Vondrozo,MG,-22.8167,47.2833,66.45,98,98,2.08,overcast clouds
501,Muromtsevo,RU,56.3724,75.2418,-5.01,99,6,1.21,clear sky
502,Ulagan,RU,50.6321,87.9563,9.27,97,100,2.06,overcast clouds
503,Maseru,LS,-29.3167,27.4833,61.63,28,3,3.62,clear sky
504,Barcelos,PT,41.5388,-8.6151,57.34,92,66,4.76,light rain
505,Athens,GR,37.9795,23.7162,67.32,85,97,1.99,overcast clouds
506,Puerto Ayacucho,VE,5.6639,-67.6236,75.43,92,100,2.93,overcast clouds
507,Dudinka,RU,69.4058,86.1778,-2.38,91,100,30.87,overcast clouds
508,Matagami,CA,49.7502,-77.6328,15.91,86,100,9.22,overcast clouds
509,Hanumangarh,IN,29.5833,74.3167,60.51,30,0,3.8,clear sky
510,Yei,SS,4.095,30.6779,66.22,91,54,2.37,broken clouds
511,Mbulu,TZ,-3.85,35.5333,59.63,89,99,4.61,overcast clouds
512,La Asuncion,VE,11.0333,-63.8628,82.13,83,90,16.11,light rain
513,Kailaras,IN,26.3167,77.6167,60.37,41,0,2.13,clear sky
514,Amapa,BR,1.0,-52.0,78.87,61,100,2.51,overcast clouds
515,Klaipeda,LT,55.7172,21.1175,30.25,81,71,18.23,broken clouds
516,Tessalit,ML,20.1986,1.0114,69.96,17,22,9.69,few clouds
517,Kamenka,RU,51.3223,42.7678,35.04,100,100,4.0,overcast clouds
518,Orje,NO,59.4802,11.6602,33.37,79,58,10.25,broken clouds
519,Ustynivka,UA,47.9551,32.5367,34.05,91,100,13.8,overcast clouds
520,Tres Lagoas,BR,-20.7511,-51.6783,80.13,33,0,10.22,clear sky
521,Rio Branco,BR,-9.9747,-67.81,79.41,89,75,5.75,broken clouds
522,Antofagasta,CL,-23.65,-70.4,63.68,84,64,4.45,broken clouds
523,Cotonou,BJ,6.3654,2.4183,82.38,78,20,9.22,few clouds
524,Bulaevo,KZ,54.9056,70.4439,-1.41,97,17,0.34,few clouds
525,Koroni,GR,36.8,21.95,64.08,81,88,5.44,overcast clouds
526,Jumla,NP,29.2747,82.1838,37.67,43,0,4.63,clear sky
527,Aksarka,RU,66.5606,67.7975,15.66,85,98,22.1,overcast clouds
528,Pleshanovo,RU,52.8333,53.4833,28.26,96,100,18.79,snow
529,Santa Cruz,BO,-17.8,-63.1667,91.45,38,5,10.36,clear sky
530,Bergerac,FR,44.8333,0.5,53.78,93,20,9.22,few clouds
531,Kambove,CD,-10.8764,26.5969,61.07,92,44,2.17,light rain
532,Boa Vista,BR,2.8197,-60.6733,84.18,65,20,8.05,few clouds
533,Awbari,LY,26.5921,12.7805,64.2,21,1,8.21,clear sky
534,Puerto Suarez,BO,-18.95,-57.8,80.67,30,18,3.83,few clouds
535,Gambela,ET,8.25,34.5833,74.3,67,8,2.86,clear sky
536,Camacari,BR,-12.6975,-38.3242,80.37,85,67,6.58,broken clouds
537,Yashkul,RU,46.1711,45.3435,46.4,92,50,10.58,scattered clouds
538,Ibra,OM,22.6906,58.5334,67.91,72,10,3.44,clear sky
539,Bria,CF,6.5423,21.9863,70.68,56,8,1.03,clear sky
540,Lonar,IN,19.9833,76.5333,61.09,57,0,8.43,clear sky
541,Dickson,US,36.077,-87.3878,38.75,48,0,8.05,clear sky
542,Bolobo,CD,-2.1667,16.2333,70.21,94,97,1.5,overcast clouds
543,Shugurovo,RU,54.5083,52.1326,27.16,94,100,19.1,snow
544,Cleethorpes,GB,53.5605,-0.0323,50.25,100,100,10.36,overcast clouds
545,Novoagansk,RU,61.9449,76.6625,2.61,79,99,16.82,overcast clouds
546,Hvolsvollur,IS,63.7533,-20.2243,41.02,85,45,5.03,scattered clouds
547,Porto Santo,PT,33.072,-16.3415,68.38,77,40,9.22,scattered clouds
548,Puerto Carreno,CO,6.189,-67.4859,87.78,66,40,3.44,scattered clouds
549,Asyut,EG,27.181,31.1837,63.36,52,63,5.28,broken clouds
550,Grand Baie,MU,-20.0182,57.5802,68.45,64,13,4.0,few clouds
551,Virginia Beach,US,36.8529,-75.978,47.01,56,0,6.91,clear sky
552,Arlit,NE,18.7369,7.3853,70.5,16,2,8.68,clear sky
553,Abu Dhabi,AE,24.4667,54.3667,77.11,82,0,2.3,clear sky
554,Sokoto,NG,13.0609,5.239,74.93,24,35,9.26,scattered clouds
555,Colares,PT,38.7992,-9.4469,61.75,92,85,7.0,overcast clouds
556,Praia Da Vitoria,PT,38.7333,-27.0667,57.45,100,40,9.44,light intensity shower rain
557,Axim,GH,4.8699,-2.2405,78.06,84,72,7.74,broken clouds
558,Manaure,CO,11.7751,-72.4445,81.97,78,100,14.23,overcast clouds
559,Nola,IT,40.922,14.5329,64.92,91,54,3.71,broken clouds
560,Manali,IN,13.1667,80.2667,73.49,76,100,10.4,overcast clouds
561,Entre Rios,BR,-11.9419,-38.0844,71.49,91,20,4.23,few clouds
562,Artigas,UY,-30.4,-56.4667,76.17,37,0,10.33,clear sky
563,Bokoro,TD,12.3807,17.0568,76.46,20,3,12.03,clear sky
564,Trelew,AR,-43.249,-65.3051,69.17,64,79,27.63,light rain
565,Mirebalais,HT,18.8333,-72.1053,83.12,75,33,2.53,scattered clouds
566,Orebro,SE,59.2741,15.2066,34.93,93,100,11.5,overcast clouds
567,Patacamaya,BO,-17.2333,-67.9167,54.59,48,80,12.1,broken clouds
568,Ballina,AU,-28.8667,153.5667,67.01,69,3,6.08,clear sky
569,Xuddur,SO,4.1213,43.8894,72.52,81,5,11.7,clear sky
570,Ylivieska,FI,64.0833,24.55,23.32,92,75,2.86,broken clouds
571,Sumbe,AO,-11.2061,13.8437,74.98,85,76,4.65,light rain
572,Camopi,GF,3.1655,-52.3158,78.66,67,100,4.99,overcast clouds
573,Ilinskiy,RU,55.619,38.1182,21.58,86,100,11.18,light snow
574,Yauya,PE,-8.9833,-77.3,57.18,53,89,7.23,overcast clouds
575,Cassilandia,BR,-19.1133,-51.7342,78.76,28,0,4.21,clear sky
576,Kamareddi,IN,18.3167,78.35,60.84,59,41,4.25,scattered clouds
577,Qeshm,IR,26.9581,56.2719,73.27,70,100,5.73,overcast clouds
578,Torres,BR,-29.3353,-49.7269,68.83,83,28,0.58,scattered clouds
579,Calvinia,ZA,-31.4707,19.776,53.78,57,74,4.52,broken clouds
580,Iturama,BR,-19.7281,-50.1956,82.85,25,0,3.0,clear sky
581,Moose Factory,CA,51.2585,-80.6094,17.6,79,100,6.91,overcast clouds
582,Dabakala,CI,8.3667,-4.4333,72.37,52,31,3.04,scattered clouds
583,Orocue,CO,4.7912,-71.3354,77.92,85,95,3.24,overcast clouds
584,Vestmanna,FO,62.1564,-7.1664,45.52,87,100,26.46,overcast clouds
585,Katesh,TZ,-4.5167,35.3833,60.67,87,100,4.03,moderate rain
586,Olden,NO,61.8364,6.8064,43.54,37,1,9.6,clear sky
587,Bafoulabe,ML,13.8065,-10.8321,81.14,19,95,5.75,overcast clouds
588,Hit,IQ,33.6416,42.8251,63.01,54,0,5.99,clear sky
589,Iquique,CL,-20.2208,-70.1431,66.24,72,57,1.77,broken clouds
590,Nizwa,OM,22.9333,57.5333,68.9,66,4,1.14,clear sky
591,Storebo,NO,60.0948,5.2271,43.27,64,0,9.82,clear sky
592,Barbacoas,CO,1.6715,-78.1398,75.65,92,99,4.59,light rain
593,Andijon,UZ,40.7821,72.3442,43.29,59,100,3.44,overcast clouds
594,Sao Felix Do Xingu,BR,-6.6447,-51.995,76.75,76,91,1.41,overcast clouds
595,Tucupita,VE,9.0622,-62.051,74.28,98,100,3.6,light rain
596,Firminy,FR,45.3873,4.2907,50.5,71,75,5.75,light rain
597,Grand Haven,US,43.0631,-86.2284,34.02,79,100,14.97,overcast clouds
598,Cayeli,TR,41.0923,40.7292,60.82,51,93,9.66,overcast clouds
599,Belaya Glina,RU,46.07,40.86,55.65,53,86,18.97,overcast clouds
600,Khairpur Nathan Shah,PK,27.0936,67.7337,68.13,47,0,3.15,clear sky
601,Shubarkuduk,KZ,49.1447,56.4872,30.11,75,100,16.04,overcast clouds
602,Halkirk,CA,52.2834,-112.1518,11.77,85,98,7.72,overcast clouds
603,Port Hawkesbury,CA,45.6169,-61.3485,40.62,77,20,12.66,few clouds
604,Malindi,KE,-3.2175,40.1191,77.67,85,96,5.35,light rain
605,Novomykolayivka,UA,47.9781,35.9102,38.43,93,100,17.83,overcast clouds
606,Sovetskiy,RU,61.3614,63.5842,1.78,90,38,6.31,scattered clouds
607,Sioux Lookout,CA,50.1001,-91.917,19.47,86,100,8.05,overcast clouds
608,Lamu,KE,-2.2717,40.902,75.42,85,94,7.2,overcast clouds
609,Leh,IN,34.1667,77.5833,13.37,59,2,3.11,clear sky
610,Elin Pelin,BG,42.6667,23.6,45.37,100,75,2.3,fog
611,Mbengwi,CM,6.0167,10.0,63.27,81,56,1.01,broken clouds
612,Blackwood,GB,51.6678,-3.2075,49.08,82,100,4.0,overcast clouds
613,Old Town,CZ,50.087,14.4202,43.92,96,100,5.75,mist
614,Raudeberg,NO,61.9875,5.1352,47.07,40,0,6.69,clear sky
615,Sao Jose Da Coroa Grande,BR,-8.8978,-35.1478,77.02,84,53,9.53,broken clouds
616,Birin,NP,26.8865,88.0718,47.97,82,2,4.32,clear sky
617,Inhambane,MZ,-23.865,35.3833,74.21,73,11,7.38,few clouds
618,Alto Araguaia,BR,-17.3147,-53.2153,79.12,30,16,3.74,few clouds
619,Matara,LK,5.9485,80.5353,74.91,90,76,3.22,broken clouds
620,Pontes E Lacerda,BR,-15.2261,-59.3353,80.96,31,3,4.99,clear sky
621,Kilosa,TZ,-6.8333,36.9833,71.4,87,79,2.57,broken clouds
622,Boras,SE,57.721,12.9401,38.82,76,99,10.02,overcast clouds
623,Jacareacanga,BR,-6.2222,-57.7528,80.29,72,100,1.36,heavy intensity rain
624,Ajaccio,FR,42.0,8.9167,62.58,77,75,13.8,broken clouds
625,Rurrenabaque,BO,-14.4413,-67.5278,84.88,45,92,2.55,overcast clouds
626,Mahon,ES,39.8885,4.2658,68.56,83,0,13.8,clear sky
627,Kondinskoye,RU,59.6481,67.41,-5.89,89,6,8.55,clear sky
628,Bud,US,39.447,-86.1758,33.91,72,57,9.19,broken clouds
629,Aranos,NA,-24.1333,19.1167,77.04,33,42,11.03,scattered clouds
630,Troitskoye,RU,52.9821,84.6757,21.83,95,100,4.34,light snow
631,Santa Marta,CO,11.2408,-74.199,86.05,71,75,8.01,broken clouds
632,Sechura,PE,-5.5569,-80.8222,69.51,69,92,17.9,overcast clouds
633,Albany,US,42.6001,-73.9662,35.58,61,35,3.0,scattered clouds
634,Aras,ES,42.5617,-2.356,48.61,87,75,2.3,broken clouds
635,Sao Miguel Do Araguaia,BR,-13.275,-50.1628,80.08,59,18,2.8,few clouds
636,Laon,FR,49.5667,3.6667,46.54,92,98,9.33,overcast clouds
637,Mananara,MG,-16.1667,49.7667,73.08,92,95,0.94,overcast clouds
638,North Myrtle Beach,US,33.816,-78.68,48.25,67,0,0.0,clear sky
639,Villa Sandino,NI,12.0483,-84.9936,78.17,92,31,10.2,scattered clouds
640,San Francisco,US,37.7749,-122.4194,66.24,49,75,9.22,broken clouds
641,Sirvintos,LT,55.05,24.95,29.25,80,100,12.5,overcast clouds
642,Kanniyakumari,IN,8.0833,77.5667,77.45,72,96,11.9,overcast clouds
643,Makinsk,KZ,52.6292,70.4169,-2.99,99,31,2.46,scattered clouds
644,Mmabatho,ZA,-25.85,25.6333,66.16,68,68,2.3,broken clouds
645,Kabo,CF,7.6994,18.629,74.64,35,100,1.07,overcast clouds
646,Monrovia,LR,6.3005,-10.7969,78.26,83,76,4.5,broken clouds
647,Misratah,LY,32.3754,15.0925,70.05,67,8,7.25,clear sky
648,Belmonte,BR,-15.8631,-38.8828,75.49,90,100,4.56,moderate rain
649,Bogorodskoye,RU,56.55,37.8833,20.71,87,100,12.46,overcast clouds
650,Leo,BF,11.1,-2.1,72.37,22,1,6.64,clear sky
651,Malavalli,IN,12.3833,77.0833,60.75,71,82,2.59,broken clouds
652,Neustrelitz,DE,53.3667,13.0833,31.64,73,34,14.0,scattered clouds
653,Bolu,TR,40.6667,31.5833,50.81,74,98,5.97,overcast clouds
654,Dwarka,IN,22.2394,68.9678,78.03,59,0,8.16,clear sky
655,Viedma,AR,-40.8135,-62.9967,66.36,64,6,17.87,clear sky
656,Morristown,US,36.214,-83.2949,39.9,47,0,4.61,clear sky
657,Navrongo,GH,10.8956,-1.0921,77.13,20,28,6.53,scattered clouds
658,Ullapool,GB,57.8987,-5.1604,47.35,95,100,5.97,overcast clouds
659,Reserva,BR,-24.6503,-50.8506,60.46,60,1,3.69,clear sky
660,Dakar,SN,14.6937,-17.4441,79.68,89,0,0.0,clear sky
661,Nadym,RU,65.5333,72.5167,13.42,81,100,29.53,overcast clouds
662,Alta Floresta,BR,-9.8756,-56.0861,73.67,90,97,3.0,overcast clouds
663,Barkly West,ZA,-28.5354,24.5215,75.42,16,0,7.92,clear sky
664,Mahanje,TZ,-9.9333,35.3333,63.64,90,56,2.8,light rain
665,Dinguiraye,GN,11.3,-10.7167,72.9,31,94,0.4,overcast clouds
666,Abnub,EG,27.2696,31.1511,63.25,52,44,5.12,scattered clouds
667,Oranjestad,AW,12.524,-70.027,80.91,89,20,12.66,few clouds
668,Kyshtovka,RU,56.555,76.6271,-11.61,100,9,0.31,clear sky
669,Saurimo,AO,-9.6608,20.3916,62.89,97,96,2.28,light rain
670,Stromness,GB,58.965,-3.296,46.36,86,100,18.99,overcast clouds
671,Doka,SD,13.5167,35.7667,77.83,31,2,10.49,clear sky
672,Ikongo,MG,-21.8833,47.4333,67.68,98,73,1.92,broken clouds
673,Morondava,MG,-20.2833,44.2833,77.88,66,0,6.78,clear sky
674,Lubango,AO,-14.9172,13.4925,60.35,81,41,2.15,scattered clouds
675,Umm Lajj,SA,25.0213,37.2685,73.17,60,100,8.99,overcast clouds
676,Saint Augustine,US,29.8947,-81.3145,56.08,50,0,6.91,clear sky
677,Itiuba,BR,-10.6917,-39.8536,81.39,53,72,6.4,broken clouds
678,Port-Cartier,CA,50.0334,-66.8654,28.08,87,100,8.05,overcast clouds
679,Florianopolis,BR,-27.6146,-48.5012,70.83,68,0,13.8,clear sky
680,Krasnoborsk,RU,61.5598,45.934,12.92,96,32,1.79,scattered clouds
681,Gurupi,BR,-11.7292,-49.0686,81.39,55,65,2.89,broken clouds
682,Valparaiso,CL,-33.0393,-71.6273,66.47,88,20,12.66,few clouds
683,Abengourou,CI,6.7297,-3.4964,68.94,74,37,3.51,scattered clouds
684,Goya,AR,-29.14,-59.2626,80.29,28,0,7.29,clear sky
685,Anjozorobe,MG,-18.4,47.8667,60.76,89,100,1.36,overcast clouds
686,Bronnoysund,NO,65.4625,12.1997,44.6,23,85,5.01,overcast clouds
